InvoiceNo,InvoiceDate,InvoiceTime,StockCode,Description,Quantity,UnitPrice,Totalsale,CustomerID,Country
555200,01-06-2011,12:05:00 PM,71459,HANGING JAM JAR T-LIGHT HOLDER,24,0.85,20.4,17315.0,United Kingdom
554974,27-05-2011,05:14:00 PM,21128,GOLD FISHING GNOME,4,6.95,27.8,14031.0,United Kingdom
550972,21-04-2011,05:05:00 PM,21086,SET/6 RED SPOTTY PAPER CUPS,4,0.65,2.6,14031.0,United Kingdom
576652,16-11-2011,10:39:00 AM,22812,PACK 3 BOXES CHRISTMAS PANETTONE,3,1.95,5.85,17198.0,United Kingdom
546157,10-03-2011,08:40:00 AM,22180,RETROSPOT LAMP,2,9.95,19.9,13502.0,United Kingdom
576200,14-11-2011,12:14:00 PM,82482,WOODEN PICTURE FRAME WHITE FINISH,2,2.95,5.9,15572.0,United Kingdom
577076,17-11-2011,03:08:00 PM,22614,PACK OF 12 SPACEBOY TISSUES,12,0.39,4.68,14362.0,United Kingdom
568909,29-09-2011,01:38:00 PM,22596,CHRISTMAS STAR WISH LIST CHALKBOARD,12,1.25,15.0,16818.0,United Kingdom
578072,22-11-2011,04:02:00 PM,21109,LARGE CAKE TOWEL CHOCOLATE SPOTS,1,6.75,6.75,17759.0,United Kingdom
560491,19-07-2011,10:51:00 AM,23297,SET 40 HEART SHAPE PETIT FOUR CASES,2,1.65,3.3,12415.0,Australia
545721,07-03-2011,10:52:00 AM,82484,WOOD BLACK BOARD ANT WHITE FINISH,1,7.9,7.9,15039.0,United Kingdom
573399,30-10-2011,03:35:00 PM,21108,FAIRY CAKE FLANNEL ASSORTED COLOUR,18,0.79,14.22,13949.0,United Kingdom
551954,05-05-2011,12:13:00 PM,22799,SWEETHEART WIRE FRUIT BOWL,1,8.5,8.5,14515.0,United Kingdom
563745,19-08-2011,09:38:00 AM,22115,METAL SIGN EMPIRE TEA,12,0.79,9.48,15159.0,United Kingdom
540418,07-01-2011,11:04:00 AM,22161,HEART DECORATION RUSTIC HANGING ,5,0.81,4.05,,United Kingdom
546237,10-03-2011,12:50:00 PM,84508A,CAMOUFLAGE DESIGN TEDDY,6,2.55,15.3,16625.0,United Kingdom
548005,29-03-2011,10:49:00 AM,21499,BLUE POLKADOT WRAP,25,0.42,10.5,14128.0,United Kingdom
539000,15-12-2010,12:27:00 PM,22622,BOX OF VINTAGE ALPHABET BLOCKS,4,9.95,39.8,13092.0,United Kingdom
545715,07-03-2011,10:13:00 AM,82600,NO SINGING METAL SIGN,1,4.13,4.13,,United Kingdom
C572489,24-10-2011,01:59:00 PM,22465,HANGING METAL STAR LANTERN,-5,1.65,-8.25,17119.0,United Kingdom
577820,22-11-2011,09:24:00 AM,23169,CLASSIC GLASS COOKIE JAR,18,3.75,67.5,13408.0,United Kingdom
555091,31-05-2011,12:50:00 PM,21936,RED RETROSPOT PICNIC BAG,1,2.95,2.95,12748.0,United Kingdom
556106,08-06-2011,04:54:00 PM,22669,RED BABY BUNTING ,2,2.95,5.9,14056.0,United Kingdom
537159,05-12-2010,01:17:00 PM,22667,RECIPE BOX RETROSPOT ,1,2.95,2.95,14527.0,United Kingdom
565841,07-09-2011,12:04:00 PM,22555,PLASTERS IN TIN STRONGMAN,1,3.29,3.29,,United Kingdom
536532,01-12-2010,01:24:00 PM,20685,DOORMAT RED RETROSPOT,2,7.95,15.9,12433.0,Norway
572681,25-10-2011,01:51:00 PM,23232,WRAP VINTAGE LEAF DESIGN,25,0.42,10.5,13510.0,United Kingdom
548309,30-03-2011,12:02:00 PM,22586,FELTCRAFT HAIRBAND PINK AND BLUE,1,0.85,0.85,16657.0,United Kingdom
577531,20-11-2011,01:58:00 PM,22699,ROSES REGENCY TEACUP AND SAUCER ,7,5.79,40.53,,United Kingdom
559133,06-07-2011,01:13:00 PM,21987,PACK OF 6 SKULL PAPER CUPS,2,0.65,1.3,17861.0,United Kingdom
566922,15-09-2011,02:58:00 PM,23420,PANTRY HOOK TEA STRAINER ,12,2.08,24.96,16156.0,United Kingdom
545227,01-03-2011,09:35:00 AM,21080,SET/20 RED RETROSPOT PAPER NAPKINS ,24,0.85,20.4,12428.0,Finland
574074,02-11-2011,03:33:00 PM,35095A,BLUE VICTORIAN FABRIC OVAL BOX,2,0.83,1.66,,United Kingdom
569026,30-09-2011,10:18:00 AM,23203,JUMBO BAG VINTAGE DOILY ,10,2.08,20.8,16101.0,United Kingdom
538163,09-12-2010,05:27:00 PM,22468,BABUSHKA LIGHTS STRING OF 10,2,6.75,13.5,17841.0,United Kingdom
572719,25-10-2011,03:03:00 PM,23031,DRAWER KNOB CRACKLE GLAZE PINK,12,1.65,19.8,13871.0,United Kingdom
552828,11-05-2011,01:23:00 PM,22046,TEA PARTY  WRAPPING PAPER ,25,0.42,10.5,13662.0,United Kingdom
575922,11-11-2011,05:10:00 PM,23225,CHERUB HEART DECORATION SILVER ,24,0.83,19.92,15681.0,United Kingdom
C546730,16-03-2011,11:39:00 AM,22720,SET OF 3 CAKE TINS PANTRY DESIGN ,-1,4.95,-4.95,18183.0,United Kingdom
560267,17-07-2011,02:05:00 PM,71477,COLOUR GLASS. STAR T-LIGHT HOLDER,4,3.25,13.0,13880.0,United Kingdom
540468,07-01-2011,01:55:00 PM,21413,PERIWINKLE T-LIGHT HOLDER,1,2.51,2.51,,United Kingdom
545701,06-03-2011,03:17:00 PM,48116,DOORMAT MULTICOLOUR STRIPE,10,6.75,67.5,17107.0,United Kingdom
567656,21-09-2011,02:40:00 PM,51014A,"FEATHER PEN,HOT PINK",26,0.83,21.58,14096.0,United Kingdom
575063,08-11-2011,12:32:00 PM,35970,ZINC FOLKART SLEIGH BELLS,3,1.69,5.07,16764.0,United Kingdom
556917,15-06-2011,01:37:00 PM,22659,LUNCH BOX I LOVE LONDON,128,1.65,211.2,12415.0,Australia
561369,26-07-2011,04:21:00 PM,22268,DECORATION SITTING BUNNY,2,0.63,1.26,,United Kingdom
538449,12-12-2010,12:24:00 PM,82599,FANNY'S REST STOPMETAL SIGN,2,2.1,4.2,17085.0,United Kingdom
536531,01-12-2010,01:23:00 PM,22726,ALARM CLOCK BAKELIKE GREEN,9,3.75,33.75,15485.0,United Kingdom
C559030,05-07-2011,02:51:00 PM,84857C,PINK MONTE CARLO HANDBAG,-1,1.95,-1.95,16571.0,United Kingdom
540681,10-01-2011,04:25:00 PM,82494L,WOODEN FRAME ANTIQUE WHITE ,1,7.62,7.62,,United Kingdom
562377,04-08-2011,03:04:00 PM,23165,LARGE CERAMIC TOP STORAGE JAR,6,1.65,9.9,14535.0,United Kingdom
568144,25-09-2011,11:29:00 AM,21933,PINK VINTAGE PAISLEY PICNIC BAG,10,1.65,16.5,14005.0,United Kingdom
554016,20-05-2011,01:14:00 PM,21916,SET 12 RETRO WHITE CHALK STICKS,6,0.42,2.52,13243.0,United Kingdom
562717,08-08-2011,03:42:00 PM,22784,LANTERN CREAM GAZEBO ,1,10.79,10.79,,United Kingdom
554959,27-05-2011,03:18:00 PM,85099B,JUMBO BAG RED RETROSPOT,2,4.13,8.26,,United Kingdom
550512,18-04-2011,04:31:00 PM,22523,CHILDS GARDEN FORK PINK,2,0.85,1.7,18069.0,United Kingdom
578844,25-11-2011,04:14:00 PM,21317,GLASS SPHERE CANDLE STAND MEDIUM,4,10.79,43.16,,United Kingdom
572669,25-10-2011,01:10:00 PM,22416,SET OF 36 SPACEBOY PAPER DOILIES,1,1.45,1.45,16549.0,United Kingdom
553504,17-05-2011,01:26:00 PM,47590B,PINK HAPPY BIRTHDAY BUNTING,3,5.45,16.35,13310.0,United Kingdom
565117,01-09-2011,11:33:00 AM,84879,ASSORTED COLOUR BIRD ORNAMENT,40,1.69,67.6,13089.0,United Kingdom
566422,12-09-2011,01:56:00 PM,82483,WOOD 2 DRAWER CABINET WHITE FINISH,4,6.95,27.8,13064.0,United Kingdom
536593,01-12-2010,05:15:00 PM,22366,DOORMAT AIRMAIL ,2,7.95,15.9,16835.0,United Kingdom
578041,22-11-2011,02:23:00 PM,84029G,KNITTED UNION FLAG HOT WATER BOTTLE,3,4.25,12.75,17338.0,United Kingdom
553525,17-05-2011,02:50:00 PM,21385,IVORY HANGING DECORATION  HEART,24,0.85,20.4,16266.0,United Kingdom
548728,04-04-2011,09:55:00 AM,22367,CHILDRENS APRON SPACEBOY DESIGN,8,1.95,15.6,13198.0,United Kingdom
551660,03-05-2011,12:16:00 PM,23148,MINIATURE ANTIQUE ROSE HOOK IVORY,12,0.83,9.96,15271.0,United Kingdom
555383,02-06-2011,03:13:00 PM,21731,RED TOADSTOOL LED NIGHT LIGHT,5,1.65,8.25,12517.0,Germany
578998,27-11-2011,04:05:00 PM,21810,CHRISTMAS HANGING STAR WITH BELL,1,0.39,0.39,15436.0,United Kingdom
579777,30-11-2011,03:13:00 PM,21877,HOME SWEET HOME MUG,1,3.29,3.29,,United Kingdom
557233,17-06-2011,02:44:00 PM,22561,WOODEN SCHOOL COLOURING SET,3,1.65,4.95,15356.0,United Kingdom
555924,07-06-2011,05:12:00 PM,85131B,BEADED CRYSTAL HEART GREEN ON STICK,5,0.83,4.15,,United Kingdom
558232,27-06-2011,02:30:00 PM,21927,BLUE/CREAM STRIPE CUSHION COVER ,2,1.25,2.5,17841.0,United Kingdom
543021,02-02-2011,02:36:00 PM,22352,LUNCH BOX WITH CUTLERY RETROSPOT ,6,2.55,15.3,15421.0,United Kingdom
575070,08-11-2011,12:58:00 PM,23427,STOOL HOME SWEET HOME ,2,12.5,25.0,17841.0,United Kingdom
544322,17-02-2011,03:50:00 PM,79000,MOROCCAN TEA GLASS,24,0.85,20.4,14211.0,United Kingdom
570019,07-10-2011,10:13:00 AM,23501,KEY RING BASEBALL BOOT UNION JACK,1,1.25,1.25,17841.0,United Kingdom
553900,19-05-2011,05:47:00 PM,22890,NOVELTY BISCUITS CAKE STAND 3 TIER,4,9.95,39.8,12353.0,Bahrain
579619,30-11-2011,12:10:00 PM,21174,POTTERING IN THE SHED METAL SIGN,12,2.08,24.96,18241.0,United Kingdom
559200,07-07-2011,10:36:00 AM,84375,SET OF 20 KIDS COOKIE CUTTERS,1,2.1,2.1,13291.0,United Kingdom
540464,07-01-2011,01:17:00 PM,84792,ENCHANTED BIRD COATHANGER 5 HOOK,8,3.81,30.48,14298.0,United Kingdom
548336,30-03-2011,02:06:00 PM,15036,ASSORTED COLOURS SILK FAN,600,0.65,390.0,13082.0,United Kingdom
574257,03-11-2011,01:46:00 PM,72818,,-3,0.0,0.0,,United Kingdom
575051,08-11-2011,12:14:00 PM,21623,VINTAGE UNION JACK MEMOBOARD,2,9.95,19.9,15957.0,United Kingdom
568095,23-09-2011,02:49:00 PM,90201B,BLACK ENAMEL FLOWER RING,6,2.95,17.7,14911.0,EIRE
544646,22-02-2011,12:06:00 PM,71038,WHITE HANGING BEADS CANDLE HOLDER,4,5.45,21.8,17075.0,United Kingdom
580610,05-12-2011,11:48:00 AM,85049e,SCANDINAVIAN REDS RIBBONS,2,3.29,6.58,,United Kingdom
542112,25-01-2011,01:55:00 PM,22423,REGENCY CAKESTAND 3 TIER,2,12.75,25.5,13168.0,United Kingdom
566203,09-09-2011,02:47:00 PM,84946,ANTIQUE SILVER T-LIGHT GLASS,12,1.25,15.0,16362.0,United Kingdom
578290,23-11-2011,02:07:00 PM,22670,FRENCH WC SIGN BLUE METAL,12,1.25,15.0,13644.0,United Kingdom
547202,21-03-2011,01:38:00 PM,22652,TRAVEL SEWING KIT,1,1.65,1.65,17841.0,United Kingdom
550496,18-04-2011,03:05:00 PM,84945,MULTI COLOUR SILVER T-LIGHT HOLDER,12,1.8,21.6,,United Kingdom
540114,05-01-2011,09:44:00 AM,84030E,ENGLISH ROSE HOT WATER BOTTLE,8,4.25,34.0,15498.0,United Kingdom
573909,01-11-2011,03:26:00 PM,22913,RED COAT RACK PARIS FASHION,1,4.95,4.95,17813.0,United Kingdom
576611,15-11-2011,04:29:00 PM,23084,RABBIT NIGHT LIGHT,10,2.08,20.8,17357.0,United Kingdom
538658,13-12-2010,03:34:00 PM,84360,TABLE LAMP WHITE SHADE WOOD BASE,2,5.95,11.9,17969.0,United Kingdom
541181,14-01-2011,11:50:00 AM,22502,PICNIC BASKET WICKER SMALL,16,4.95,79.2,12877.0,United Kingdom
577498,20-11-2011,12:22:00 PM,22749,FELTCRAFT PRINCESS CHARLOTTE DOLL,1,3.75,3.75,15906.0,United Kingdom
549682,11-04-2011,01:22:00 PM,22923,FRIDGE MAGNETS LES ENFANTS ASSORTED,12,0.85,10.2,12596.0,Spain
546396,11-03-2011,02:35:00 PM,72349B,SET/6 PURPLE BUTTERFLY T-LIGHTS,4,2.1,8.4,13226.0,United Kingdom
567959,23-09-2011,09:13:00 AM,23205,CHARLOTTE BAG VINTAGE ALPHABET ,20,0.85,17.0,12516.0,Germany
579093,28-11-2011,10:54:00 AM,20963,APPLE BATH SPONGE,50,1.25,62.5,13081.0,United Kingdom
559051,05-07-2011,04:47:00 PM,22622,BOX OF VINTAGE ALPHABET BLOCKS,1,24.96,24.96,,United Kingdom
563404,16-08-2011,11:04:00 AM,20970,PINK FLORAL FELTCRAFT SHOULDER BAG,8,3.75,30.0,16303.0,United Kingdom
568869,29-09-2011,12:01:00 PM,23288,GREEN VINTAGE SPOT BEAKER,8,0.85,6.8,12957.0,United Kingdom
558096,26-06-2011,01:24:00 PM,21851,LILAC DIAMANTE PEN IN GIFT BOX,2,4.95,9.9,15532.0,United Kingdom
570637,11-10-2011,12:34:00 PM,22338,STAR DECORATION PAINTED ZINC ,96,0.19,18.24,12530.0,Germany
566195,09-09-2011,01:44:00 PM,21877,HOME SWEET HOME MUG,12,1.25,15.0,12433.0,Norway
559542,10-07-2011,01:32:00 PM,23266,SET OF 3 WOODEN STOCKING DECORATION,2,1.25,2.5,17126.0,United Kingdom
565232,02-09-2011,09:30:00 AM,22811,SET OF 6 T-LIGHTS CACTI ,2,5.79,11.58,,United Kingdom
555602,06-06-2011,11:26:00 AM,47504K,ENGLISH ROSE GARDEN SECATEURS,12,1.95,23.4,16235.0,United Kingdom
540154,05-01-2011,11:30:00 AM,84968C,SET OF 16 VINTAGE PISTACHIO CUTLERY,4,8.47,33.88,,United Kingdom
565331,02-09-2011,01:59:00 PM,22791,T-LIGHT GLASS FLUTED ANTIQUE,12,1.25,15.0,16674.0,United Kingdom
540121,05-01-2011,10:35:00 AM,22610,PENS ASSORTED FUNNY FACE,36,0.21,7.56,16145.0,United Kingdom
576837,16-11-2011,03:16:00 PM,21945,STRAWBERRIES  DESIGN FLANNEL ,3,1.63,4.89,,United Kingdom
543172,04-02-2011,09:11:00 AM,22197,SMALL POPCORN HOLDER,6,1.63,9.78,,United Kingdom
555590,06-06-2011,09:39:00 AM,21668,RED STRIPE CERAMIC DRAWER KNOB,24,1.25,30.0,17690.0,United Kingdom
557466,20-06-2011,01:08:00 PM,23240,SET OF 4 KNICK KNACK TINS DOILEY ,6,4.15,24.9,13815.0,Germany
568721,28-09-2011,04:24:00 PM,22189,CREAM HEART CARD HOLDER,1,8.29,8.29,,United Kingdom
544684,22-02-2011,04:32:00 PM,22635,CHILDS BREAKFAST SET DOLLY GIRL ,1,19.96,19.96,,United Kingdom
537469,07-12-2010,10:43:00 AM,22112,CHOCOLATE HOT WATER BOTTLE,24,4.25,102.0,17720.0,United Kingdom
578307,23-11-2011,03:53:00 PM,22630,DOLLY GIRL LUNCH BOX,2,1.95,3.9,17290.0,United Kingdom
550636,19-04-2011,03:37:00 PM,37476,CONDIMENT TRAY 4 BOWLS AND 4 SPOONS,1,8.29,8.29,,United Kingdom
543979,14-02-2011,03:43:00 PM,85114A,BLACK ENCHANTED FOREST PLACEMAT,5,1.65,8.25,14606.0,United Kingdom
580881,06-12-2011,12:19:00 PM,23199,JUMBO BAG APPLES,10,2.08,20.8,16620.0,United Kingdom
549557,10-04-2011,12:59:00 PM,22990,COTTON APRON PANTRY DESIGN,3,4.95,14.85,14450.0,United Kingdom
560576,19-07-2011,02:59:00 PM,22295,HEART FILIGREE DOVE LARGE,6,1.65,9.9,17287.0,United Kingdom
548567,01-04-2011,10:34:00 AM,23078,ICE CREAM PEN LIP GLOSS ,24,1.25,30.0,17965.0,United Kingdom
549250,07-04-2011,12:10:00 PM,85144,JARDIN ETCHED GLASS CHEESE DISH,1,1.95,1.95,14446.0,United Kingdom
552325,09-05-2011,09:47:00 AM,23206,LUNCH BAG APPLE DESIGN,10,1.65,16.5,12490.0,France
546643,15-03-2011,01:23:00 PM,85150,LADIES & GENTLEMEN METAL SIGN,6,2.55,15.3,16214.0,United Kingdom
554842,26-05-2011,06:17:00 PM,22568,FELTCRAFT CUSHION OWL,4,3.75,15.0,14740.0,United Kingdom
561214,25-07-2011,05:00:00 PM,21429,RED GINGHAM ROSE JEWELLERY BOX,1,4.13,4.13,,United Kingdom
547962,28-03-2011,03:38:00 PM,21714,CITRONELLA CANDLE GARDEN POT,12,1.25,15.0,12957.0,United Kingdom
540468,07-01-2011,01:55:00 PM,22585,PACK OF 6 BIRDY GIFT TAGS,2,2.51,5.02,,United Kingdom
579161,28-11-2011,01:56:00 PM,23493,VINTAGE DOILY TRAVEL SEWING KIT,5,1.95,9.75,17379.0,United Kingdom
560567,19-07-2011,01:57:00 PM,22081,RIBBON REEL FLORA + FAUNA ,2,3.29,6.58,,United Kingdom
550438,18-04-2011,12:16:00 PM,22844,VINTAGE CREAM DOG FOOD CONTAINER,2,8.5,17.0,15265.0,United Kingdom
540646,10-01-2011,02:32:00 PM,90214W,"LETTER ""W"" BLING KEY RING",1,0.85,0.85,,United Kingdom
544724,23-02-2011,10:46:00 AM,85152,HAND OVER THE CHOCOLATE   SIGN ,24,2.1,50.4,15605.0,United Kingdom
580505,04-12-2011,01:32:00 PM,23350,ROLL WRAP VINTAGE SPOT ,4,1.25,5.0,15867.0,United Kingdom
580504,04-12-2011,01:32:00 PM,23079,TOADSTOOL BEDSIDE LIGHT ,1,8.95,8.95,17936.0,United Kingdom
578344,24-11-2011,09:21:00 AM,22541,MINI JIGSAW LEAP FROG,1,0.83,0.83,,United Kingdom
562928,10-08-2011,03:29:00 PM,84926D,LA PALMIERA TILE COASTER,24,0.29,6.96,15494.0,United Kingdom
546008,08-03-2011,03:43:00 PM,22136,LOVE HEART SOCK HANGER,1,3.29,3.29,,United Kingdom
559557,11-07-2011,10:33:00 AM,23159,SET OF 5 PANCAKE DAY MAGNETS,12,2.08,24.96,17444.0,Canada
572472,24-10-2011,01:34:00 PM,22553,PLASTERS IN TIN SKULLS,12,1.65,19.8,14139.0,United Kingdom
572509,24-10-2011,02:25:00 PM,23203,JUMBO BAG VINTAGE DOILY ,2,2.08,4.16,17004.0,United Kingdom
C578144,23-11-2011,11:06:00 AM,22697,GREEN REGENCY TEACUP AND SAUCER,-3,2.95,-8.85,16201.0,United Kingdom
567805,22-09-2011,12:15:00 PM,23333,IVORY WICKER HEART MEDIUM,2,1.25,2.5,12854.0,United Kingdom
570855,12-10-2011,02:56:00 PM,22818,CARD CHRISTMAS VILLAGE,12,0.42,5.04,17314.0,United Kingdom
573300,28-10-2011,04:10:00 PM,23570,TRADITIONAL PICK UP STICKS GAME ,1,1.25,1.25,16049.0,United Kingdom
558758,03-07-2011,12:27:00 PM,21394,RED POLKADOT BEAKER ,1,0.39,0.39,17939.0,United Kingdom
579777,30-11-2011,03:13:00 PM,23376,PACK OF 12 VINTAGE CHRISTMAS TISSUE,2,0.83,1.66,,United Kingdom
563477,16-08-2011,03:39:00 PM,23292,SPACEBOY CHILDRENS CUP,1,1.25,1.25,17097.0,Spain
537372,06-12-2010,12:52:00 PM,22837,HOT WATER BOTTLE BABUSHKA ,2,4.65,9.3,16919.0,United Kingdom
559923,13-07-2011,04:07:00 PM,71477,COLOUR GLASS. STAR T-LIGHT HOLDER,1,6.63,6.63,,United Kingdom
554956,27-05-2011,03:17:00 PM,22555,PLASTERS IN TIN STRONGMAN,3,3.29,9.87,,United Kingdom
551142,26-04-2011,01:22:00 PM,23148,MINIATURE ANTIQUE ROSE HOOK IVORY,4,0.83,3.32,17613.0,United Kingdom
580134,01-12-2011,07:24:00 PM,20668,DISCO BALL CHRISTMAS DECORATION,24,0.12,2.88,13102.0,United Kingdom
542255,26-01-2011,04:43:00 PM,22697,GREEN REGENCY TEACUP AND SAUCER,6,5.79,34.74,,United Kingdom
576673,16-11-2011,11:59:00 AM,22548,adjustment,4,0.0,0.0,,United Kingdom
575138,08-11-2011,03:24:00 PM,21329,DINOSAURS  WRITING SET ,1,3.29,3.29,,United Kingdom
557123,16-06-2011,05:56:00 PM,22998,TRAVEL CARD WALLET KEEP CALM,10,0.42,4.2,15555.0,United Kingdom
541827,21-01-2011,05:05:00 PM,22659,LUNCH BOX I LOVE LONDON,1,4.13,4.13,,United Kingdom
569202,30-09-2011,05:22:00 PM,22775,PURPLE DRAWERKNOB ACRYLIC EDWARDIAN,6,2.46,14.76,,United Kingdom
547708,24-03-2011,06:34:00 PM,82551,LAUNDRY 15C METAL SIGN,288,1.7,489.6,17450.0,United Kingdom
555633,06-06-2011,12:22:00 PM,22328,ROUND SNACK BOXES SET OF 4 FRUITS ,2,2.95,5.9,14534.0,United Kingdom
545812,07-03-2011,12:26:00 PM,85040A,S/4 PINK FLOWER CANDLES IN BOWL,12,1.65,19.8,14214.0,United Kingdom
550512,18-04-2011,04:31:00 PM,84535B,FAIRY CAKES NOTEBOOK A6 SIZE,1,0.65,0.65,18069.0,United Kingdom
569702,05-10-2011,04:09:00 PM,21899,GARAGE KEY FOB,1,0.65,0.65,14396.0,United Kingdom
580903,06-12-2011,12:56:00 PM,22199,FRYING PAN RED RETROSPOT,1,1.25,1.25,14606.0,United Kingdom
548167,29-03-2011,01:45:00 PM,22386,JUMBO BAG PINK POLKADOT,4,4.13,16.52,,United Kingdom
539466,19-12-2010,12:46:00 PM,82613B,"METAL SIGN,CUPCAKE SINGLE HOOK",20,0.42,8.4,12668.0,Germany
570252,10-10-2011,09:14:00 AM,23426,METAL SIGN DROP YOUR PANTS,6,2.89,17.34,14665.0,United Kingdom
574653,06-11-2011,11:30:00 AM,22079,RIBBON REEL HEARTS DESIGN ,10,1.65,16.5,12619.0,Germany
547921,28-03-2011,01:28:00 PM,22771,CLEAR DRAWER KNOB ACRYLIC EDWARDIAN,12,1.25,15.0,14766.0,United Kingdom
579520,29-11-2011,06:14:00 PM,23320,GIANT 50'S CHRISTMAS CRACKER,1,2.89,2.89,12748.0,United Kingdom
548163,29-03-2011,01:43:00 PM,21931,JUMBO STORAGE BAG SUKI,3,4.13,12.39,,United Kingdom
575303,09-11-2011,12:34:00 PM,23192,BUNDLE OF 3 ALPHABET EXERCISE BOOKS,1,1.65,1.65,12893.0,United Kingdom
540809,11-01-2011,12:37:00 PM,21901,"KEY FOB , BACK DOOR ",24,0.65,15.6,18095.0,United Kingdom
578852,27-11-2011,11:12:00 AM,21137,BLACK RECORD COVER FRAME,1,3.75,3.75,17841.0,United Kingdom
579289,29-11-2011,11:11:00 AM,23498,CLASSIC BICYCLE CLIPS ,1,1.45,1.45,,United Kingdom
580289,02-12-2011,01:32:00 PM,23349,ROLL WRAP VINTAGE CHRISTMAS,1,1.25,1.25,15856.0,United Kingdom
575324,09-11-2011,01:45:00 PM,22866,HAND WARMER SCOTTY DOG DESIGN,12,2.1,25.2,14240.0,United Kingdom
567880,22-09-2011,02:56:00 PM,84347,ROTATING SILVER ANGELS T-LIGHT HLDR,6,2.55,15.3,15398.0,United Kingdom
546388,11-03-2011,01:42:00 PM,22384,LUNCH BAG PINK POLKADOT,2,4.96,9.92,,United Kingdom
547514,23-03-2011,02:00:00 PM,21111,"SWISS ROLL TOWEL, CHOCOLATE  SPOTS",6,2.95,17.7,17486.0,United Kingdom
550542,19-04-2011,11:37:00 AM,22286,DECORATION WOBBLY RABBIT METAL ,2,3.29,6.58,,United Kingdom
556484,12-06-2011,01:17:00 PM,22937,BAKING MOULD CHOCOLATE CUPCAKES,6,2.55,15.3,16938.0,United Kingdom
568531,27-09-2011,01:49:00 PM,22915,ASSORTED BOTTLE TOP  MAGNETS ,18,0.42,7.56,16713.0,United Kingdom
570598,11-10-2011,11:55:00 AM,22592,CARDHOLDER HOLLY WREATH METAL,4,3.75,15.0,14175.0,United Kingdom
C550355,18-04-2011,10:29:00 AM,M,Manual,-1,222.75,-222.75,13811.0,Germany
569230,02-10-2011,03:07:00 PM,46000M,POLYESTER FILLER PAD 45x45cm,4,1.55,6.2,16533.0,United Kingdom
542541,28-01-2011,02:25:00 PM,22079,RIBBON REEL HEARTS DESIGN ,1,3.29,3.29,,United Kingdom
542423,28-01-2011,09:09:00 AM,22951,60 CAKE CASES DOLLY GIRL DESIGN,48,0.55,26.4,15057.0,United Kingdom
570404,10-10-2011,12:50:00 PM,23343,JUMBO BAG VINTAGE CHRISTMAS ,1,2.08,2.08,16395.0,United Kingdom
550911,21-04-2011,01:11:00 PM,23205,CHARLOTTE BAG VINTAGE ALPHABET ,10,0.85,8.5,12354.0,Spain
566041,08-09-2011,01:48:00 PM,23197,SKETCHBOOK MAGNETIC SHOPPING LIST,12,1.45,17.4,13814.0,Germany
541129,14-01-2011,10:14:00 AM,22619,SET OF 6 SOLDIER SKITTLES,1,7.46,7.46,,United Kingdom
574475,04-11-2011,12:18:00 PM,21544,SKULLS  WATER TRANSFER TATTOOS ,12,0.85,10.2,14132.0,United Kingdom
550035,14-04-2011,11:48:00 AM,22411,JUMBO SHOPPER VINTAGE RED PAISLEY,30,2.08,62.4,15039.0,United Kingdom
567901,22-09-2011,04:28:00 PM,21385,IVORY HANGING DECORATION  HEART,4,1.63,6.52,,United Kingdom
549257,07-04-2011,12:29:00 PM,84725,FREESTYLE CANVAS ART PICTURE,1,1.65,1.65,14465.0,United Kingdom
556072,08-06-2011,02:57:00 PM,47590B,PINK HAPPY BIRTHDAY BUNTING,6,5.45,32.7,16126.0,United Kingdom
557295,19-06-2011,01:37:00 PM,POST,POSTAGE,1,18.0,18.0,12724.0,France
571937,20-10-2011,09:28:00 AM,23174,REGENCY SUGAR BOWL GREEN,4,4.15,16.6,14911.0,EIRE
564642,26-08-2011,01:22:00 PM,22536,MAGIC DRAWING SLATE PURDEY,24,0.42,10.08,13527.0,United Kingdom
565472,05-09-2011,10:15:00 AM,79321,CHILLI LIGHTS,2,5.75,11.5,16255.0,United Kingdom
542208,26-01-2011,11:35:00 AM,21212,PACK OF 72 RETROSPOT CAKE CASES,120,0.42,50.4,16422.0,United Kingdom
580126,01-12-2011,05:20:00 PM,23493,VINTAGE DOILY TRAVEL SEWING KIT,10,1.95,19.5,12562.0,France
541302,17-01-2011,02:18:00 PM,84945,MULTI COLOUR SILVER T-LIGHT HOLDER,12,0.85,10.2,13769.0,United Kingdom
553490,17-05-2011,12:44:00 PM,90014B,GOLD M PEARL  ORBIT NECKLACE,1,9.95,9.95,13309.0,United Kingdom
540639,10-01-2011,12:28:00 PM,22439,6 ROCKET BALLOONS ,24,0.65,15.6,13107.0,United Kingdom
561894,31-07-2011,03:00:00 PM,84731,3 BIRDS CANVAS SCREEN,1,0.39,0.39,14456.0,United Kingdom
561874,31-07-2011,12:02:00 PM,22631,CIRCUS PARADE LUNCH BOX ,1,1.95,1.95,16255.0,United Kingdom
571035,13-10-2011,12:50:00 PM,20725,LUNCH BAG RED RETROSPOT,10,1.65,16.5,12446.0,RSA
537645,07-12-2010,03:34:00 PM,85039a,SET/4 RED MINI ROSE CANDLE IN BOWL,1,3.36,3.36,,United Kingdom
557012,16-06-2011,11:51:00 AM,21469,POLKA DOT RAFFIA FOOD COVER,6,3.75,22.5,18241.0,United Kingdom
538566,13-12-2010,11:21:00 AM,22497,SET OF 2 TINS VINTAGE BATHROOM ,1,8.47,8.47,,United Kingdom
540550,10-01-2011,09:11:00 AM,37444C,PINK BREAKFAST CUP AND SAUCER ,4,2.95,11.8,12539.0,Spain
570671,11-10-2011,02:51:00 PM,22077,6 RIBBONS RUSTIC CHARM,12,1.95,23.4,16171.0,United Kingdom
541711,21-01-2011,11:18:00 AM,21217,RED RETROSPOT ROUND CAKE TINS,12,8.95,107.4,14646.0,Netherlands
576837,16-11-2011,03:16:00 PM,21000,ROSE DU SUD COSMETICS BAG,1,3.29,3.29,,United Kingdom
556886,15-06-2011,12:34:00 PM,21078,SET/20 STRAWBERRY PAPER NAPKINS ,12,0.85,10.2,12624.0,France
580138,02-12-2011,08:55:00 AM,23489,VINTAGE BELLS GARLAND,24,2.89,69.36,13199.0,United Kingdom
556490,12-06-2011,02:08:00 PM,23049,RECYCLED ACAPULCO MAT RED,2,8.25,16.5,13078.0,United Kingdom
578827,25-11-2011,02:25:00 PM,22219,LOVEBIRD HANGING DECORATION WHITE ,1,1.63,1.63,,United Kingdom
572185,21-10-2011,10:52:00 AM,21154,RED RETROSPOT OVEN GLOVE ,8,3.29,26.32,,United Kingdom
580094,01-12-2011,02:50:00 PM,23394,POSTE FRANCE CUSHION COVER,2,3.75,7.5,15904.0,United Kingdom
568322,26-09-2011,01:41:00 PM,23049,RECYCLED ACAPULCO MAT RED,1,8.25,8.25,15958.0,United Kingdom
561515,27-07-2011,03:16:00 PM,23034,DRAWER KNOB CERAMIC BLACK,2,3.29,6.58,,United Kingdom
569862,06-10-2011,02:43:00 PM,23503,PLAYING CARDS KEEP CALM & CARRY ON,1,1.25,1.25,14518.0,United Kingdom
548490,31-03-2011,01:13:00 PM,85066,CREAM SWEETHEART MINI CHEST,4,12.75,51.0,12909.0,United Kingdom
564755,30-08-2011,10:31:00 AM,22646,CERAMIC STRAWBERRY CAKE MONEY BANK,1,3.29,3.29,,United Kingdom
544695,23-02-2011,09:38:00 AM,20728,LUNCH BAG CARS BLUE,10,1.65,16.5,14276.0,United Kingdom
567300,19-09-2011,12:36:00 PM,POST,POSTAGE,3,18.0,54.0,12724.0,France
544484,21-02-2011,11:10:00 AM,21592,RETROSPOT CIGAR BOX MATCHES ,24,1.25,30.0,15321.0,United Kingdom
553946,20-05-2011,10:48:00 AM,22699,ROSES REGENCY TEACUP AND SAUCER ,6,2.95,17.7,15601.0,United Kingdom
540414,07-01-2011,10:32:00 AM,22894,TABLECLOTH RED APPLES DESIGN ,2,8.5,17.0,12481.0,Germany
541219,14-01-2011,02:06:00 PM,84968F,SET OF 16 VINTAGE SKY BLUE CUTLERY,5,8.29,41.45,,United Kingdom
557514,20-06-2011,04:58:00 PM,22077,6 RIBBONS RUSTIC CHARM,3,1.65,4.95,14667.0,United Kingdom
566482,13-09-2011,09:43:00 AM,23403,LETTER HOLDER HOME SWEET HOME,4,3.75,15.0,16609.0,United Kingdom
555242,01-06-2011,01:40:00 PM,84879,ASSORTED COLOUR BIRD ORNAMENT,24,1.69,40.56,16424.0,United Kingdom
574711,06-11-2011,02:20:00 PM,82494L,WOODEN FRAME ANTIQUE WHITE ,6,2.95,17.7,14517.0,United Kingdom
557762,22-06-2011,02:01:00 PM,20726,LUNCH BAG WOODLAND,10,1.65,16.5,15810.0,United Kingdom
549128,06-04-2011,02:25:00 PM,22995,TRAVEL CARD WALLET SUKI,36,0.42,15.12,16713.0,United Kingdom
569846,06-10-2011,01:42:00 PM,22865,HAND WARMER OWL DESIGN,12,2.1,25.2,13422.0,United Kingdom
540856,12-01-2011,10:16:00 AM,22849,BREAD BIN DINER STYLE MINT,4,14.95,59.8,16655.0,United Kingdom
537852,08-12-2010,03:56:00 PM,21874,GIN AND TONIC MUG,12,1.25,15.0,17340.0,United Kingdom
567656,21-09-2011,02:40:00 PM,84969,BOX OF 6 ASSORTED COLOUR TEASPOONS,1,8.29,8.29,14096.0,United Kingdom
577078,17-11-2011,03:17:00 PM,72799E,IVORY PILLAR CANDLE SILVER FLOCK,2,3.29,6.58,,United Kingdom
553350,16-05-2011,01:32:00 PM,21232,STRAWBERRY CERAMIC TRINKET BOX,12,1.25,15.0,12871.0,United Kingdom
552894,12-05-2011,10:53:00 AM,21888,BINGO SET,1,3.75,3.75,14606.0,United Kingdom
560125,15-07-2011,10:44:00 AM,23319,BOX OF 6 MINI 50'S CRACKERS,1,2.49,2.49,18118.0,United Kingdom
537160,05-12-2010,01:18:00 PM,22694,WICKER STAR ,3,2.1,6.3,14161.0,United Kingdom
552662,10-05-2011,03:04:00 PM,84970l,SINGLE HEART ZINC T-LIGHT HOLDER,3,2.08,6.24,,United Kingdom
549185,07-04-2011,09:35:00 AM,22978,PANTRY ROLLING PIN,6,3.75,22.5,18272.0,United Kingdom
577358,18-11-2011,03:59:00 PM,22909,SET OF 20 VINTAGE CHRISTMAS NAPKINS,2,1.63,3.26,,United Kingdom
542115,25-01-2011,02:01:00 PM,21213,PACK OF 72 SKULL CAKE CASES,1,2.08,2.08,,United Kingdom
579539,30-11-2011,10:06:00 AM,22699,ROSES REGENCY TEACUP AND SAUCER ,6,2.95,17.7,14911.0,EIRE
541830,21-01-2011,05:09:00 PM,84598,BOYS ALPHABET IRON ON PATCHES,7,0.42,2.94,,United Kingdom
567200,19-09-2011,10:15:00 AM,21975,PACK OF 60 DINOSAUR CAKE CASES,24,0.55,13.2,16460.0,United Kingdom
552315,08-05-2011,04:10:00 PM,21700,BIG DOUGHNUT FRIDGE MAGNETS,12,0.85,10.2,12700.0,France
566164,09-09-2011,11:56:00 AM,22041,"RECORD FRAME 7"" SINGLE SIZE ",6,5.79,34.74,,United Kingdom
543909,14-02-2011,12:32:00 PM,22858,EASTER TIN KEEPSAKE,6,1.45,8.7,,United Kingdom
547251,22-03-2011,09:43:00 AM,21169,YOU'RE CONFUSING ME METAL SIGN ,12,1.69,20.28,17865.0,United Kingdom
574022,02-11-2011,12:20:00 PM,23084,RABBIT NIGHT LIGHT,48,1.79,85.92,12594.0,Italy
579399,29-11-2011,12:09:00 PM,23245,SET OF 3 REGENCY CAKE TINS,3,4.95,14.85,13137.0,United Kingdom
539958,23-12-2010,01:26:00 PM,85132A,CHARLIE + LOLA BISCUITS TINS,3,8.47,25.41,,United Kingdom
552108,06-05-2011,11:36:00 AM,21931,JUMBO STORAGE BAG SUKI,1,2.08,2.08,17841.0,United Kingdom
578270,23-11-2011,01:39:00 PM,21218,RED SPOTTY BISCUIT TIN,1,8.29,8.29,14096.0,United Kingdom
540953,12-01-2011,01:16:00 PM,84536A,ENGLISH ROSE NOTEBOOK A7 SIZE,2,0.42,0.84,14587.0,United Kingdom
560895,21-07-2011,05:12:00 PM,22697,GREEN REGENCY TEACUP AND SAUCER,6,2.95,17.7,13089.0,United Kingdom
576832,16-11-2011,03:01:00 PM,22630,DOLLY GIRL LUNCH BOX,12,1.95,23.4,13102.0,United Kingdom
544339,18-02-2011,09:04:00 AM,22699,ROSES REGENCY TEACUP AND SAUCER ,6,2.95,17.7,15228.0,United Kingdom
545105,28-02-2011,11:58:00 AM,22899,CHILDREN'S APRON DOLLY GIRL ,12,2.1,25.2,12598.0,France
C543611,10-02-2011,02:38:00 PM,21730,GLASS STAR FROSTED T-LIGHT HOLDER,-1,4.95,-4.95,17850.0,United Kingdom
548522,31-03-2011,04:43:00 PM,20754,RETROSPOT RED WASHING UP GLOVES,2,4.13,8.26,,United Kingdom
577768,21-11-2011,03:18:00 PM,22074,6 RIBBONS SHIMMERING PINKS ,1,1.25,1.25,,United Kingdom
C541863,23-01-2011,04:08:00 PM,21231,SWEETHEART CERAMIC TRINKET BOX,-9,1.06,-9.54,13798.0,United Kingdom
563430,16-08-2011,11:50:00 AM,22297,HEART IVORY TRELLIS SMALL,24,1.25,30.0,14918.0,United Kingdom
570488,10-10-2011,05:12:00 PM,23183,MOTHER'S KITCHEN SPOON REST ,2,7.46,14.92,14096.0,United Kingdom
558904,04-07-2011,04:18:00 PM,22355,CHARLOTTE BAG SUKI DESIGN,6,1.63,9.78,,United Kingdom
548808,04-04-2011,12:55:00 PM,22622,BOX OF VINTAGE ALPHABET BLOCKS,2,11.95,23.9,17774.0,United Kingdom
579098,28-11-2011,11:18:00 AM,21985,PACK OF 12 HEARTS DESIGN TISSUES ,4,0.39,1.56,14606.0,United Kingdom
537262,06-12-2010,11:26:00 AM,22411,JUMBO SHOPPER VINTAGE RED PAISLEY,10,1.95,19.5,15039.0,United Kingdom
C545997,08-03-2011,02:35:00 PM,22634,CHILDS BREAKFAST SET SPACEBOY ,-1,9.95,-9.95,12679.0,France
571064,13-10-2011,02:48:00 PM,20828,GLITTER BUTTERFLY CLIPS,2,2.55,5.1,17181.0,United Kingdom
552202,06-05-2011,02:51:00 PM,47566,PARTY BUNTING,8,4.95,39.6,12414.0,Austria
538071,09-12-2010,02:09:00 PM,22732,3D VINTAGE CHRISTMAS STICKERS ,1,2.51,2.51,,United Kingdom
559984,14-07-2011,11:45:00 AM,23207,LUNCH BAG ALPHABET DESIGN,1,1.65,1.65,16657.0,United Kingdom
572986,27-10-2011,10:51:00 AM,22024,RAINY LADIES BIRTHDAY CARD,12,0.42,5.04,12681.0,France
546306,10-03-2011,04:16:00 PM,35914,PINK CHICK EGG WARMER + EGG CUP,2,0.83,1.66,,United Kingdom
538208,10-12-2010,11:39:00 AM,22110,BIRD HOUSE HOT WATER BOTTLE,1,2.55,2.55,14037.0,United Kingdom
543801,13-02-2011,11:52:00 AM,22358,KINGS CHOICE TEA CADDY ,1,2.95,2.95,17811.0,United Kingdom
567304,19-09-2011,01:27:00 PM,23408,PHOTO FRAME LINEN AND LACE SMALL,3,2.08,6.24,14704.0,United Kingdom
557324,20-06-2011,09:41:00 AM,21326,AGED GLASS SILVER T-LIGHT HOLDER,14,1.63,22.82,,United Kingdom
568390,27-09-2011,10:08:00 AM,21260,FIRST AID TIN,6,3.25,19.5,17811.0,United Kingdom
558761,03-07-2011,12:52:00 PM,82483,WOOD 2 DRAWER CABINET WHITE FINISH,2,6.95,13.9,15033.0,United Kingdom
554380,24-05-2011,11:45:00 AM,85174,S/4 CACTI CANDLES,8,4.95,39.6,16709.0,United Kingdom
558196,27-06-2011,12:38:00 PM,22674,FRENCH TOILET SIGN BLUE METAL,6,1.25,7.5,16033.0,United Kingdom
551653,03-05-2011,12:03:00 PM,22192,BLUE DINER WALL CLOCK,2,8.5,17.0,13282.0,United Kingdom
536623,02-12-2010,10:39:00 AM,22815,CARD PSYCHEDELIC APPLES,24,0.42,10.08,15601.0,United Kingdom
539333,17-12-2010,09:52:00 AM,22507,MEMO BOARD RETROSPOT  DESIGN,4,4.95,19.8,13627.0,United Kingdom
542420,27-01-2011,06:05:00 PM,22348,TEA BAG PLATE RED RETROSPOT,6,0.85,5.1,17180.0,United Kingdom
552036,05-05-2011,07:16:00 PM,22514,CHILDS GARDEN SPADE BLUE,2,2.1,4.2,12748.0,United Kingdom
541104,13-01-2011,02:29:00 PM,84078A,SET/4 WHITE RETRO STORAGE CUBES ,1,74.96,74.96,,United Kingdom
536876,03-12-2010,11:36:00 AM,84945,MULTI COLOUR SILVER T-LIGHT HOLDER,6,1.84,11.04,,United Kingdom
546486,14-03-2011,11:41:00 AM,15058A,BLUE POLKADOT GARDEN PARASOL,1,7.95,7.95,15039.0,United Kingdom
550631,19-04-2011,02:51:00 PM,22626,BLACK KITCHEN SCALES,2,8.5,17.0,15225.0,United Kingdom
539492,20-12-2010,10:14:00 AM,22616,PACK OF 12 LONDON TISSUES ,1,0.85,0.85,,United Kingdom
579458,29-11-2011,02:38:00 PM,21730,GLASS STAR FROSTED T-LIGHT HOLDER,1,4.95,4.95,16549.0,United Kingdom
575324,09-11-2011,01:45:00 PM,23398,HANGING HEART BONHEUR,12,0.85,10.2,14240.0,United Kingdom
581020,07-12-2011,10:12:00 AM,23242,TREASURE TIN BUFFALO BILL ,48,1.85,88.8,17511.0,United Kingdom
560773,20-07-2011,04:17:00 PM,84877B,GREEN ROUND COMPACT MIRROR,2,2.46,4.92,,United Kingdom
567850,22-09-2011,01:18:00 PM,23188,VINTAGE  2 METER FOLDING RULER,12,1.65,19.8,15067.0,United Kingdom
569202,30-09-2011,05:22:00 PM,23247,BISCUIT TIN 50'S CHRISTMAS,1,5.79,5.79,,United Kingdom
568346,26-09-2011,03:28:00 PM,22077,6 RIBBONS RUSTIC CHARM,6,3.29,19.74,14096.0,United Kingdom
544323,17-02-2011,03:51:00 PM,22616,PACK OF 12 LONDON TISSUES ,1,0.83,0.83,,United Kingdom
570229,09-10-2011,01:30:00 PM,22111,SCOTTIE DOG HOT WATER BOTTLE,1,4.95,4.95,15756.0,United Kingdom
537434,06-12-2010,04:57:00 PM,22621,TRADITIONAL KNITTING NANCY,2,1.45,2.9,,United Kingdom
537852,08-12-2010,03:56:00 PM,22197,SMALL POPCORN HOLDER,13,0.85,11.05,17340.0,United Kingdom
572550,24-10-2011,05:06:00 PM,21811,HANGING HEART WITH BELL,7,0.83,5.81,,United Kingdom
572762,26-10-2011,09:50:00 AM,22960,JAM MAKING SET WITH JARS,6,4.25,25.5,15240.0,United Kingdom
537434,06-12-2010,04:57:00 PM,20975,12 PENCILS SMALL TUBE RED RETROSPOT,7,1.28,8.96,,United Kingdom
541827,21-01-2011,05:05:00 PM,90187B,GREEN DROP EARRINGS W BEAD CLUSTER,1,3.32,3.32,,United Kingdom
576617,15-11-2011,04:57:00 PM,22650,CERAMIC PIRATE CHEST MONEY BANK,1,3.29,3.29,,United Kingdom
542629,31-01-2011,09:57:00 AM,22629,SPACEBOY LUNCH BOX ,24,1.95,46.8,12731.0,France
C549783,12-04-2011,11:50:00 AM,22060,LARGE CAKE STAND HANGING HEARTS,-5,3.95,-19.75,16558.0,United Kingdom
547387,22-03-2011,04:00:00 PM,21929,JUMBO BAG PINK VINTAGE PAISLEY,10,1.95,19.5,12539.0,Spain
565431,04-09-2011,01:15:00 PM,23196,VINTAGE LEAF MAGNETIC NOTEPAD,5,1.45,7.25,14965.0,United Kingdom
564093,23-08-2011,10:29:00 AM,22770,MIRROR CORNICE,2,14.95,29.9,14930.0,Channel Islands
574591,06-11-2011,10:47:00 AM,23531,WALL ART BIG LOVE ,3,6.95,20.85,15745.0,United Kingdom
542103,25-01-2011,01:26:00 PM,21124,SET/10 BLUE POLKADOT PARTY CANDLES,24,1.25,30.0,13198.0,United Kingdom
567092,16-09-2011,12:48:00 PM,22083,PAPER CHAIN KIT RETROSPOT,6,2.95,17.7,13196.0,United Kingdom
575059,08-11-2011,12:25:00 PM,23333,IVORY WICKER HEART MEDIUM,1,1.25,1.25,14071.0,United Kingdom
568591,28-09-2011,10:39:00 AM,21930,JUMBO STORAGE BAG SKULLS,10,2.08,20.8,17088.0,United Kingdom
567288,19-09-2011,11:49:00 AM,21154,RED RETROSPOT OVEN GLOVE ,2,1.25,2.5,16906.0,United Kingdom
538349,10-12-2010,02:59:00 PM,90030B,RED KUKUI COCONUT SEED NECKLACE,1,5.94,5.94,,United Kingdom
577038,17-11-2011,01:30:00 PM,23266,SET OF 3 WOODEN STOCKING DECORATION,6,1.25,7.5,14796.0,United Kingdom
581023,07-12-2011,10:35:00 AM,20718,RED RETROSPOT SHOPPER BAG,2,3.29,6.58,,United Kingdom
540093,04-01-2011,03:24:00 PM,22117,METAL SIGN HER DINNER IS SERVED ,2,2.95,5.9,16725.0,United Kingdom
569246,03-10-2011,09:57:00 AM,84915,HAND TOWEL PINK FLOWER AND DAISY,1,4.13,4.13,14096.0,United Kingdom
536531,01-12-2010,01:23:00 PM,22727,ALARM CLOCK BAKELIKE RED ,9,3.75,33.75,15485.0,United Kingdom
571716,18-10-2011,05:05:00 PM,22114,HOT WATER BOTTLE TEA AND SYMPATHY,3,8.29,24.87,,United Kingdom
564489,25-08-2011,02:13:00 PM,23255,CHILDRENS CUTLERY CIRCUS PARADE,4,4.15,16.6,15950.0,United Kingdom
541596,19-01-2011,04:19:00 PM,72741,GRAND CHOCOLATECANDLE,9,1.45,13.05,17602.0,United Kingdom
558774,04-07-2011,10:17:00 AM,21944,KITTENS DESIGN FLANNEL,1,0.83,0.83,,United Kingdom
554094,22-05-2011,12:49:00 PM,85169C,EAU DE NIL LOVE BIRD CANDLE,1,1.25,1.25,15716.0,United Kingdom
564974,31-08-2011,03:32:00 PM,22840,ROUND CAKE TIN VINTAGE RED,1,15.79,15.79,,United Kingdom
578539,24-11-2011,02:55:00 PM,22559,SEASIDE FLYING DISC,12,1.25,15.0,,Unspecified
536876,03-12-2010,11:36:00 AM,22251,BIRDHOUSE DECORATION MAGIC GARDEN,1,2.51,2.51,,United Kingdom
559330,07-07-2011,03:44:00 PM,23146,TRIPLE HOOK ANTIQUE IVORY ROSE,4,3.29,13.16,17696.0,United Kingdom
552658,10-05-2011,02:57:00 PM,22778,GLASS CLOCHE SMALL,1,3.95,3.95,14534.0,United Kingdom
539103,16-12-2010,10:38:00 AM,21348,PINK SPOTS CHOCOLATE NESTING BOXES ,24,2.55,61.2,16985.0,United Kingdom
569037,30-09-2011,10:45:00 AM,82482,WOODEN PICTURE FRAME WHITE FINISH,3,2.95,8.85,13263.0,United Kingdom
543466,08-02-2011,02:34:00 PM,22481,BLACK TEA TOWEL CLASSIC DESIGN,12,1.25,15.0,16713.0,United Kingdom
580115,01-12-2011,04:22:00 PM,21932,SCANDINAVIAN PAISLEY PICNIC BAG,1,2.46,2.46,,United Kingdom
556828,15-06-2011,10:39:00 AM,23321,SMALL WHITE HEART OF WICKER,3,1.65,4.95,17284.0,United Kingdom
543166,04-02-2011,08:27:00 AM,22846,BREAD BIN DINER STYLE RED ,1,16.95,16.95,13488.0,United Kingdom
578065,22-11-2011,03:41:00 PM,22468,BABUSHKA LIGHTS STRING OF 10,1,13.29,13.29,,United Kingdom
550467,18-04-2011,01:36:00 PM,85200,BUNNY EGG BOX,2,1.25,2.5,18009.0,United Kingdom
562454,05-08-2011,10:31:00 AM,84510C,SET OF 4 POLKADOT COASTERS,10,1.25,12.5,15128.0,United Kingdom
566018,08-09-2011,12:42:00 PM,21533,RETROSPOT LARGE MILK JUG,2,4.95,9.9,13137.0,United Kingdom
546753,16-03-2011,01:00:00 PM,20969,RED FLORAL FELTCRAFT SHOULDER BAG,2,3.75,7.5,16383.0,United Kingdom
578065,22-11-2011,03:41:00 PM,72760B,VINTAGE CREAM 3 BASKET CAKE STAND,1,20.79,20.79,,United Kingdom
566572,13-09-2011,12:52:00 PM,22558,CLOTHES PEGS RETROSPOT PACK 24 ,12,1.65,19.8,13488.0,United Kingdom
573336,30-10-2011,11:37:00 AM,20983,12 PENCILS TALL TUBE RED RETROSPOT,4,0.85,3.4,17372.0,United Kingdom
543013,02-02-2011,01:35:00 PM,84535B,FAIRY CAKES NOTEBOOK A6 SIZE,1,1.46,1.46,,United Kingdom
571508,17-10-2011,03:27:00 PM,22909,SET OF 20 VINTAGE CHRISTMAS NAPKINS,1,1.63,1.63,,United Kingdom
572335,24-10-2011,10:27:00 AM,22865,HAND WARMER OWL DESIGN,12,2.1,25.2,14493.0,United Kingdom
553341,16-05-2011,12:25:00 PM,22666,RECIPE BOX PANTRY YELLOW DESIGN,6,2.95,17.7,16293.0,United Kingdom
554098,22-05-2011,01:01:00 PM,22178,VICTORIAN GLASS HANGING T-LIGHT,6,1.25,7.5,14769.0,United Kingdom
562371,04-08-2011,02:30:00 PM,22627,MINT KITCHEN SCALES,2,8.5,17.0,13709.0,United Kingdom
575087,08-11-2011,01:57:00 PM,21790,VINTAGE SNAP CARDS,1,0.85,0.85,16549.0,United Kingdom
573388,30-10-2011,02:44:00 PM,23286,BLUE VINTAGE SPOT BEAKER,8,0.85,6.8,14895.0,United Kingdom
549845,12-04-2011,02:22:00 PM,23000,TRAVEL CARD WALLET TRANSPORT,11,0.42,4.62,16729.0,United Kingdom
572457,24-10-2011,12:44:00 PM,20712,JUMBO BAG WOODLAND ANIMALS,10,2.08,20.8,12594.0,Italy
563229,14-08-2011,03:35:00 PM,21135,VICTORIAN  METAL POSTCARD SPRING,1,1.69,1.69,17988.0,United Kingdom
554157,23-05-2011,11:33:00 AM,20728,LUNCH BAG CARS BLUE,2,1.65,3.3,18283.0,United Kingdom
544434,18-02-2011,04:12:00 PM,90214C,"LETTER ""C"" BLING KEY RING",1,0.83,0.83,,United Kingdom
563557,17-08-2011,01:33:00 PM,22558,CLOTHES PEGS RETROSPOT PACK 24 ,12,1.65,19.8,15786.0,United Kingdom
544599,21-02-2011,06:15:00 PM,22974,CHILDRENS DOLLY GIRL MUG,1,3.29,3.29,,United Kingdom
572553,24-10-2011,05:09:00 PM,22123,PING MICROWAVE APRON,1,4.13,4.13,,United Kingdom
553739,19-05-2011,09:23:00 AM,85123A,WHITE HANGING HEART T-LIGHT HOLDER,6,2.95,17.7,14895.0,United Kingdom
558896,04-07-2011,03:55:00 PM,22384,LUNCH BAG PINK POLKADOT,1,1.65,1.65,,United Kingdom
565665,05-09-2011,05:44:00 PM,22646,CERAMIC STRAWBERRY CAKE MONEY BANK,4,1.45,5.8,15856.0,United Kingdom
554261,23-05-2011,12:32:00 PM,21889,WOODEN BOX OF DOMINOES,1,1.25,1.25,16033.0,United Kingdom
574841,07-11-2011,11:42:00 AM,22580,ADVENT CALENDAR GINGHAM SACK,3,5.95,17.85,14156.0,EIRE
552779,11-05-2011,12:13:00 PM,22729,ALARM CLOCK BAKELIKE ORANGE,4,3.75,15.0,13013.0,United Kingdom
572058,20-10-2011,12:43:00 PM,23052,RECYCLED ACAPULCO MAT TURQUOISE,1,8.25,8.25,18252.0,United Kingdom
580884,06-12-2011,12:21:00 PM,22578,WOODEN STAR CHRISTMAS SCANDINAVIAN,6,0.29,1.74,15907.0,United Kingdom
564837,30-08-2011,12:40:00 PM,23323,WHITE WICKER STAR ,1,4.13,4.13,,United Kingdom
543812,13-02-2011,02:40:00 PM,21790,VINTAGE SNAP CARDS,1,0.85,0.85,17472.0,United Kingdom
580672,05-12-2011,02:29:00 PM,22541,MINI JIGSAW LEAP FROG,3,0.19,0.57,17920.0,United Kingdom
579508,29-11-2011,04:33:00 PM,22195,LARGE HEART MEASURING SPOONS,1,3.29,3.29,,United Kingdom
576213,14-11-2011,12:47:00 PM,22578,WOODEN STAR CHRISTMAS SCANDINAVIAN,3,0.29,0.87,18117.0,United Kingdom
571676,18-10-2011,01:29:00 PM,22578,WOODEN STAR CHRISTMAS SCANDINAVIAN,2,0.29,0.58,16910.0,United Kingdom
557136,17-06-2011,09:23:00 AM,21441,BLUE BIRDHOUSE DECORATION,12,0.85,10.2,14911.0,EIRE
559032,05-07-2011,02:53:00 PM,23241,TREASURE TIN GYMKHANA DESIGN,6,2.08,12.48,17511.0,United Kingdom
546254,10-03-2011,02:45:00 PM,22791,T-LIGHT GLASS FLUTED ANTIQUE,12,1.25,15.0,14727.0,United Kingdom
579559,30-11-2011,11:30:00 AM,21899,GARAGE KEY FOB,1,0.65,0.65,16764.0,United Kingdom
568877,29-09-2011,12:31:00 PM,22328,ROUND SNACK BOXES SET OF 4 FRUITS ,10,2.95,29.5,14680.0,United Kingdom
548740,04-04-2011,11:34:00 AM,20914,SET/5 RED RETROSPOT LID GLASS BOWLS,6,2.95,17.7,13319.0,United Kingdom
565303,02-09-2011,12:17:00 PM,22529,MAGIC DRAWING SLATE GO TO THE FAIR ,2,0.42,0.84,,Unspecified
546896,17-03-2011,06:24:00 PM,15056N,EDWARDIAN PARASOL NATURAL,1,12.46,12.46,,United Kingdom
566171,09-09-2011,12:22:00 PM,22169,FAMILY ALBUM WHITE PICTURE FRAME,1,8.5,8.5,18118.0,United Kingdom
551719,03-05-2011,04:09:00 PM,21810,CHRISTMAS HANGING STAR WITH BELL,1,2.46,2.46,,United Kingdom
577337,18-11-2011,02:51:00 PM,23382,BOX OF 6 CHRISTMAS CAKE DECORATIONS,1,3.75,3.75,15494.0,United Kingdom
564322,24-08-2011,01:23:00 PM,22355,CHARLOTTE BAG SUKI DESIGN,100,0.72,72.0,13694.0,United Kingdom
560078,14-07-2011,04:12:00 PM,21116,OWL DOORSTOP,3,4.95,14.85,16040.0,United Kingdom
579124,28-11-2011,12:14:00 PM,23197,SKETCHBOOK MAGNETIC SHOPPING LIST,1,1.45,1.45,15721.0,United Kingdom
537769,08-12-2010,12:17:00 PM,22834,HAND WARMER BABUSHKA DESIGN,1,2.1,2.1,15021.0,United Kingdom
537434,06-12-2010,04:57:00 PM,21723,ALPHABET HEARTS STICKER SHEET,1,1.66,1.66,,United Kingdom
572858,26-10-2011,12:36:00 PM,22086,PAPER CHAIN KIT 50'S CHRISTMAS ,2,2.95,5.9,13571.0,United Kingdom
555835,07-06-2011,12:34:00 PM,21061,PARTY INVITES FOOTBALL,1,0.85,0.85,14525.0,United Kingdom
572837,26-10-2011,12:01:00 PM,23221,REINDEER HEART DECORATION SILVER,12,0.83,9.96,14754.0,United Kingdom
571508,17-10-2011,03:27:00 PM,22492,MINI PAINT SET VINTAGE ,2,1.63,3.26,,United Kingdom
570187,07-10-2011,03:09:00 PM,84508C,BLUE CIRCLES DESIGN TEDDY,1,4.96,4.96,,United Kingdom
571716,18-10-2011,05:05:00 PM,22665,RECIPE BOX BLUE SKETCHBOOK DESIGN,2,5.79,11.58,,United Kingdom
560285,18-07-2011,09:21:00 AM,22348,TEA BAG PLATE RED RETROSPOT,12,0.85,10.2,14944.0,United Kingdom
561371,26-07-2011,04:25:00 PM,21791,VINTAGE HEADS AND TAILS CARD GAME ,1,2.46,2.46,,United Kingdom
571654,18-10-2011,12:17:00 PM,22580,ADVENT CALENDAR GINGHAM SACK,1,5.95,5.95,18118.0,United Kingdom
555515,05-06-2011,10:47:00 AM,23283,DOORMAT VINTAGE LEAVES DESIGN ,5,7.95,39.75,17690.0,United Kingdom
568701,28-09-2011,03:07:00 PM,20719,WOODLAND CHARLOTTE BAG,10,0.85,8.5,13924.0,United Kingdom
572513,24-10-2011,02:36:00 PM,17012B,ORIGAMI JASMINE INCENSE/CANDLE SET,1,0.85,0.85,16728.0,United Kingdom
565851,07-09-2011,01:06:00 PM,23145,ZINC T-LIGHT HOLDER STAR LARGE,12,0.95,11.4,14911.0,EIRE
574470,04-11-2011,11:56:00 AM,23508,MINI PLAYING CARDS DOLLY GIRL ,6,0.42,2.52,12748.0,United Kingdom
558475,29-06-2011,03:58:00 PM,21749,LARGE RED RETROSPOT WINDMILL,2,4.13,8.26,,United Kingdom
544271,17-02-2011,11:46:00 AM,21245,GREEN POLKADOT PLATE ,8,1.69,13.52,17083.0,United Kingdom
578746,25-11-2011,11:36:00 AM,23206,LUNCH BAG APPLE DESIGN,11,4.96,54.56,,United Kingdom
576099,14-11-2011,10:28:00 AM,23392,SPACEBOY ROCKET LOLLY MAKERS,6,2.08,12.48,13021.0,United Kingdom
546383,11-03-2011,12:54:00 PM,21232,STRAWBERRY CERAMIC TRINKET BOX,12,1.25,15.0,13654.0,United Kingdom
566495,13-09-2011,11:14:00 AM,21481,FAWN BLUE HOT WATER BOTTLE,2,3.75,7.5,15529.0,United Kingdom
544461,20-02-2011,02:08:00 PM,22675,FRENCH KITCHEN SIGN BLUE METAL,24,1.25,30.0,13744.0,United Kingdom
580754,06-12-2011,10:05:00 AM,22835,HOT WATER BOTTLE I AM SO POORLY,4,12.46,49.84,,United Kingdom
567303,19-09-2011,01:20:00 PM,23265,SET OF 3 WOODEN TREE DECORATIONS,12,1.25,15.0,17613.0,United Kingdom
565235,02-09-2011,09:43:00 AM,22709,WRAP WEDDING DAY,25,0.42,10.5,13418.0,United Kingdom
561056,24-07-2011,01:17:00 PM,22650,CERAMIC PIRATE CHEST MONEY BANK,12,1.45,17.4,13477.0,United Kingdom
546538,14-03-2011,02:51:00 PM,82580,BATHROOM METAL SIGN,12,0.55,6.6,16327.0,United Kingdom
576339,14-11-2011,03:27:00 PM,84859C,PINK DISCO HANDBAG,1,4.13,4.13,14096.0,United Kingdom
576840,16-11-2011,03:23:00 PM,84032A,CHARLIE+LOLA PINK HOT WATER BOTTLE,3,3.29,9.87,,United Kingdom
572553,24-10-2011,05:09:00 PM,21479,WHITE SKULL HOT WATER BOTTLE ,1,8.29,8.29,,United Kingdom
551342,28-04-2011,08:34:00 AM,20975,12 PENCILS SMALL TUBE RED RETROSPOT,24,0.65,15.6,16099.0,United Kingdom
540247,05-01-2011,03:56:00 PM,85123A,WHITE HANGING HEART T-LIGHT HOLDER,3,2.95,8.85,15464.0,United Kingdom
547552,23-03-2011,03:55:00 PM,20712,JUMBO BAG WOODLAND ANIMALS,2,4.13,8.26,,United Kingdom
578026,22-11-2011,01:29:00 PM,23205,CHARLOTTE BAG VINTAGE ALPHABET ,10,0.85,8.5,17659.0,United Kingdom
576189,14-11-2011,11:33:00 AM,22367,CHILDRENS APRON SPACEBOY DESIGN,2,1.95,3.9,14684.0,United Kingdom
578354,24-11-2011,10:12:00 AM,23569,TRADTIONAL ALPHABET STAMP SET,4,4.95,19.8,17139.0,United Kingdom
577613,21-11-2011,10:02:00 AM,21913,VINTAGE SEASIDE JIGSAW PUZZLES,4,3.75,15.0,14911.0,EIRE
547397,22-03-2011,04:55:00 PM,20711,JUMBO BAG TOYS ,1,4.13,4.13,,United Kingdom
574741,06-11-2011,04:13:00 PM,22197,POPCORN HOLDER,8,0.85,6.8,15993.0,United Kingdom
559112,06-07-2011,11:59:00 AM,22699,ROSES REGENCY TEACUP AND SAUCER ,2,2.95,5.9,17315.0,United Kingdom
566010,08-09-2011,12:05:00 PM,22835,HOT WATER BOTTLE I AM SO POORLY,2,4.95,9.9,13700.0,United Kingdom
571214,14-10-2011,12:56:00 PM,23002,TRAVEL CARD WALLET SKULLS,11,0.42,4.62,14390.0,United Kingdom
550470,18-04-2011,01:49:00 PM,48194,DOORMAT HEARTS,1,15.79,15.79,,United Kingdom
575628,10-11-2011,01:31:00 PM,22119,PEACE WOODEN BLOCK LETTERS,1,6.95,6.95,12844.0,United Kingdom
552182,06-05-2011,01:38:00 PM,22848,BREAD BIN DINER STYLE PINK,1,16.95,16.95,14180.0,United Kingdom
571318,17-10-2011,10:50:00 AM,22139,RETROSPOT TEA SET CERAMIC 11 PC ,24,4.95,118.8,17404.0,Sweden
559329,07-07-2011,03:41:00 PM,22993,SET OF 4 PANTRY JELLY MOULDS,36,1.25,45.0,15241.0,United Kingdom
576217,14-11-2011,12:56:00 PM,23100,SILVER BELLS TABLE DECORATION,1,1.25,1.25,17081.0,United Kingdom
570333,10-10-2011,12:19:00 PM,21169,YOU'RE CONFUSING ME METAL SIGN ,1,1.69,1.69,18126.0,United Kingdom
537351,06-12-2010,12:23:00 PM,21219,SET/4 BADGES BALLOON GIRL,10,1.25,12.5,16898.0,United Kingdom
560555,19-07-2011,01:01:00 PM,20984,12 PENCILS TALL TUBE POSY,2,0.29,0.58,14178.0,United Kingdom
562282,04-08-2011,10:38:00 AM,23232,WRAP VINTAGE LEAF DESIGN,50,0.42,21.0,13098.0,United Kingdom
573553,31-10-2011,01:48:00 PM,85049e,SCANDINAVIAN REDS RIBBONS,1,3.29,3.29,,United Kingdom
555149,31-05-2011,03:49:00 PM,23084,RABBIT NIGHT LIGHT,2,4.13,8.26,,United Kingdom
536539,01-12-2010,02:03:00 PM,82486,WOOD S/3 CABINET ANT WHITE FINISH,2,7.95,15.9,15165.0,United Kingdom
574336,04-11-2011,09:52:00 AM,23389,SPACEBOY MINI BACKPACK,4,4.15,16.6,12397.0,Belgium
562688,08-08-2011,01:53:00 PM,20728,LUNCH BAG CARS BLUE,4,1.65,6.6,13869.0,United Kingdom
562199,03-08-2011,12:20:00 PM,21232,STRAWBERRY CERAMIC TRINKET BOX,2,1.25,2.5,12748.0,United Kingdom
576329,14-11-2011,03:22:00 PM,22679,FRENCH BLUE METAL DOOR SIGN 4,1,2.46,2.46,,United Kingdom
568137,25-09-2011,10:34:00 AM,21731,RED TOADSTOOL LED NIGHT LIGHT,24,1.65,39.6,12488.0,France
538524,13-12-2010,09:35:00 AM,22502,PICNIC BASKET WICKER SMALL,2,8.47,16.94,,United Kingdom
579512,29-11-2011,04:47:00 PM,84536A,ENGLISH ROSE NOTEBOOK A7 SIZE,1,0.83,0.83,,United Kingdom
577768,21-11-2011,03:18:00 PM,22753,SMALL YELLOW BABUSHKA NOTEBOOK ,1,1.63,1.63,,United Kingdom
575066,08-11-2011,12:42:00 PM,23487,SWEET HEART CAKE CARRIER,1,9.95,9.95,13668.0,United Kingdom
559807,12-07-2011,02:48:00 PM,23160,REGENCY TEA SPOON,1,1.25,1.25,17841.0,United Kingdom
565409,04-09-2011,11:15:00 AM,21124,SET/10 BLUE POLKADOT PARTY CANDLES,24,1.25,30.0,16761.0,United Kingdom
541592,19-01-2011,03:08:00 PM,85129D,BEADED CRYSTAL HEART PINK SMALL,2,2.46,4.92,,United Kingdom
575219,09-11-2011,11:17:00 AM,21509,COWBOYS AND INDIANS BIRTHDAY CARD ,72,0.36,25.92,17511.0,United Kingdom
548470,31-03-2011,12:36:00 PM,22139,RETROSPOT TEA SET CERAMIC 11 PC ,12,4.95,59.4,12782.0,Portugal
569326,03-10-2011,12:47:00 PM,22634,CHILDS BREAKFAST SET SPACEBOY ,8,8.5,68.0,14360.0,United Kingdom
547042,20-03-2011,11:00:00 AM,21216,"SET 3 RETROSPOT TEA,COFFEE,SUGAR",1,10.79,10.79,,United Kingdom
570465,10-10-2011,04:02:00 PM,22551,PLASTERS IN TIN SPACEBOY,1,3.29,3.29,,United Kingdom
569246,03-10-2011,09:57:00 AM,84988,SET OF 72 PINK HEART PAPER DOILIES,1,2.92,2.92,14096.0,United Kingdom
550130,14-04-2011,01:17:00 PM,90185C,BLACK DIAMANTE EXPANDABLE RING,6,4.25,25.5,14390.0,United Kingdom
554507,24-05-2011,03:29:00 PM,21206,STRAWBERRY HONEYCOMB  GARLAND ,12,1.65,19.8,15513.0,United Kingdom
572703,25-10-2011,02:35:00 PM,22055,MINI CAKE STAND  HANGING STRAWBERY,1,1.65,1.65,16110.0,United Kingdom
549844,12-04-2011,02:17:00 PM,21899,"KEY FOB , GARAGE DESIGN",7,0.65,4.55,12854.0,United Kingdom
C562952,11-08-2011,10:10:00 AM,23244,ROUND STORAGE TIN VINTAGE LEAF,-2,1.95,-3.9,12749.0,United Kingdom
550123,14-04-2011,12:39:00 PM,22029,SPACEBOY BIRTHDAY CARD,12,0.42,5.04,,United Kingdom
560366,18-07-2011,12:19:00 PM,72807A,SET/3 ROSE CANDLE IN JEWELLED BOX,4,4.25,17.0,16859.0,United Kingdom
537395,06-12-2010,02:05:00 PM,21175,GIN + TONIC DIET METAL SIGN,2,2.1,4.2,15356.0,United Kingdom
541265,16-01-2011,04:23:00 PM,85099C,JUMBO  BAG BAROQUE BLACK WHITE,2,1.95,3.9,17609.0,United Kingdom
566276,11-09-2011,02:00:00 PM,22705,WRAP GREEN PEARS ,25,0.42,10.5,13450.0,United Kingdom
558111,26-06-2011,04:06:00 PM,23091,ZINC HERB GARDEN CONTAINER,1,6.25,6.25,17114.0,United Kingdom
573137,27-10-2011,05:15:00 PM,23198,PANTRY MAGNETIC  SHOPPING LIST,1,3.29,3.29,,United Kingdom
578953,27-11-2011,02:50:00 PM,20752,BLUE POLKADOT WASHING UP GLOVES,2,2.1,4.2,13546.0,United Kingdom
538999,15-12-2010,12:09:00 PM,22423,REGENCY CAKESTAND 3 TIER,16,10.95,175.2,16003.0,United Kingdom
572185,21-10-2011,10:52:00 AM,22382,LUNCH BAG SPACEBOY DESIGN ,1,4.96,4.96,,United Kingdom
566874,15-09-2011,01:32:00 PM,22355,CHARLOTTE BAG SUKI DESIGN,2,0.85,1.7,,United Kingdom
574721,06-11-2011,02:43:00 PM,23512,EMBROIDERED RIBBON REEL ROSIE,1,2.08,2.08,17920.0,United Kingdom
569372,03-10-2011,04:04:00 PM,22595,GINGHAM HEART DECORATION,1,1.63,1.63,,United Kingdom
555106,31-05-2011,02:14:00 PM,22539,MINI JIGSAW DOLLY GIRL,24,0.42,10.08,12790.0,Netherlands
566451,12-09-2011,04:14:00 PM,22896,PEG BAG APPLES DESIGN,3,2.55,7.65,18069.0,United Kingdom
570223,09-10-2011,01:11:00 PM,23209,LUNCH BAG VINTAGE DOILY ,2,1.65,3.3,15787.0,United Kingdom
571065,13-10-2011,02:59:00 PM,21213,PACK OF 72 SKULL CAKE CASES,24,0.55,13.2,12613.0,Germany
552338,09-05-2011,11:51:00 AM,22845,VINTAGE CREAM CAT FOOD CONTAINER,2,6.35,12.7,,United Kingdom
578344,24-11-2011,09:21:00 AM,23199,JUMBO BAG APPLES,2,4.13,8.26,,United Kingdom
554075,22-05-2011,11:29:00 AM,21789,KIDS RAIN MAC PINK,24,0.85,20.4,16038.0,United Kingdom
565397,02-09-2011,04:43:00 PM,22937,BAKING MOULD CHOCOLATE CUPCAKES,1,2.55,2.55,14171.0,United Kingdom
547881,27-03-2011,04:08:00 PM,21993,FLORAL FOLK STATIONERY SET,1,2.95,2.95,13110.0,United Kingdom
548714,03-04-2011,03:07:00 PM,22429,ENAMEL MEASURING JUG CREAM,1,4.25,4.25,17337.0,United Kingdom
561217,25-07-2011,05:09:00 PM,22829,SWEETHEART WIRE WALL TIDY,1,20.79,20.79,,United Kingdom
572061,20-10-2011,12:53:00 PM,21989,PACK OF 20 SKULL PAPER NAPKINS,12,0.85,10.2,12474.0,Germany
571441,17-10-2011,01:31:00 PM,21917,SET 12 KIDS  WHITE CHALK STICKS,1,0.83,0.83,14096.0,United Kingdom
541596,19-01-2011,04:19:00 PM,21976,PACK OF 60 MUSHROOM CAKE CASES,1,0.55,0.55,17602.0,United Kingdom
577078,17-11-2011,03:17:00 PM,22659,LUNCH BOX I LOVE LONDON,2,4.13,8.26,,United Kingdom
580399,04-12-2011,11:45:00 AM,48111,DOORMAT 3 SMILEY CATS,1,8.25,8.25,13471.0,United Kingdom
545085,28-02-2011,11:19:00 AM,21390,FILIGRIS HEART WITH BUTTERFLY,24,1.25,30.0,15039.0,United Kingdom
579187,28-11-2011,03:31:00 PM,22960,JAM MAKING SET WITH JARS,2,8.29,16.58,,United Kingdom
571937,20-10-2011,09:28:00 AM,21636,MADRAS NOTEBOOK MEDIUM,12,0.75,9.0,14911.0,EIRE
539631,20-12-2010,03:03:00 PM,21918,SET 12 KIDS COLOUR  CHALK STICKS,1,0.85,0.85,,United Kingdom
C570775,12-10-2011,11:45:00 AM,POST,POSTAGE,-1,18.0,-18.0,12664.0,Finland
546892,17-03-2011,06:20:00 PM,21169,YOU'RE CONFUSING ME METAL SIGN ,1,4.13,4.13,,United Kingdom
540163,05-01-2011,11:52:00 AM,16161P,WRAP ENGLISH ROSE ,25,0.42,10.5,13089.0,United Kingdom
C550181,14-04-2011,05:43:00 PM,21239,PINK  POLKADOT CUP,-20,0.85,-17.0,13069.0,United Kingdom
570292,10-10-2011,11:59:00 AM,23533,WALL ART GARDEN HAVEN ,3,5.95,17.85,13418.0,United Kingdom
559338,07-07-2011,04:30:00 PM,23176,ABC TREASURE BOOK BOX ,2,4.58,9.16,,United Kingdom
551868,04-05-2011,04:29:00 PM,23231,WRAP DOILEY DESIGN,25,0.42,10.5,12540.0,Spain
552852,11-05-2011,03:08:00 PM,22979,PANTRY WASHING UP BRUSH,6,1.45,8.7,16712.0,United Kingdom
549293,07-04-2011,07:16:00 PM,21463,MIRRORED DISCO BALL ,1,5.95,5.95,17883.0,United Kingdom
543197,04-02-2011,12:36:00 PM,22929,SCHOOL DESK AND CHAIR ,1,65.0,65.0,12842.0,United Kingdom
580115,01-12-2011,04:22:00 PM,22701,PINK DOG BOWL,3,2.46,7.38,,United Kingdom
569700,05-10-2011,03:56:00 PM,21232,STRAWBERRY CERAMIC TRINKET BOX,1,2.46,2.46,,United Kingdom
544074,15-02-2011,02:49:00 PM,22773,GREEN DRAWER KNOB ACRYLIC EDWARDIAN,12,1.25,15.0,14156.0,EIRE
573585,31-10-2011,02:41:00 PM,22355,CHARLOTTE BAG SUKI DESIGN,16,0.85,13.6,,United Kingdom
555573,05-06-2011,03:46:00 PM,22031,BOTANICAL LAVENDER BIRTHDAY CARD,12,0.42,5.04,15349.0,United Kingdom
563430,16-08-2011,11:50:00 AM,21710,FOLDING UMBRELLA PINKWHITE POLKADOT,8,4.95,39.6,14918.0,United Kingdom
537638,07-12-2010,03:28:00 PM,21982,PACK OF 12 SUKI TISSUES ,6,0.85,5.1,,United Kingdom
562542,05-08-2011,03:40:00 PM,22031,BOTANICAL LAVENDER BIRTHDAY CARD,12,0.42,5.04,17377.0,United Kingdom
574962,08-11-2011,10:26:00 AM,22161,HEART DECORATION RUSTIC HANGING ,24,0.19,4.56,15194.0,United Kingdom
545575,03-03-2011,06:28:00 PM,22061,LARGE CAKE STAND  HANGING STRAWBERY,6,9.95,59.7,13014.0,United Kingdom
571747,19-10-2011,10:59:00 AM,20972,PINK CREAM FELT CRAFT TRINKET BOX ,12,1.25,15.0,13849.0,United Kingdom
570197,07-10-2011,03:45:00 PM,44092C,PURPLE/COPPER HANGING LAMPSHADE,1,0.85,0.85,13755.0,United Kingdom
567462,20-09-2011,12:35:00 PM,21888,BINGO SET,1,3.75,3.75,14446.0,United Kingdom
560863,21-07-2011,01:53:00 PM,75049L,LARGE CIRCULAR MIRROR MOBILE,2,1.25,2.5,12748.0,United Kingdom
543631,10-02-2011,04:17:00 PM,22893,MINI CAKE STAND T-LIGHT HOLDER,12,0.42,5.04,14081.0,United Kingdom
575298,09-11-2011,12:29:00 PM,23203,JUMBO BAG VINTAGE DOILY ,5,2.08,10.4,17841.0,United Kingdom
552829,11-05-2011,01:42:00 PM,23067,HANGING ENGRAVED METAL HEART,4,4.15,16.6,12748.0,United Kingdom
576087,14-11-2011,08:31:00 AM,20724,RED RETROSPOT CHARLOTTE BAG,10,0.85,8.5,12689.0,France
580208,02-12-2011,12:07:00 PM,46000M,POLYESTER FILLER PAD 45x45cm,4,1.55,6.2,13468.0,United Kingdom
544161,16-02-2011,12:59:00 PM,20728,LUNCH BAG CARS BLUE,10,1.65,16.5,16875.0,United Kingdom
C569034,30-09-2011,10:42:00 AM,22489,PACK OF 12 TRADITIONAL CRAYONS,-1,0.42,-0.42,16240.0,United Kingdom
564848,30-08-2011,03:37:00 PM,23033,DRAWER KNOB CERAMIC RED,6,1.45,8.7,16928.0,United Kingdom
538071,09-12-2010,02:09:00 PM,21912,VINTAGE SNAKES & LADDERS,2,7.62,15.24,,United Kingdom
555344,02-06-2011,11:45:00 AM,22757,LARGE RED BABUSHKA NOTEBOOK ,1,1.25,1.25,15311.0,United Kingdom
578344,24-11-2011,09:21:00 AM,22219,LOVEBIRD HANGING DECORATION WHITE ,1,1.63,1.63,,United Kingdom
570086,07-10-2011,11:22:00 AM,22619,SET OF 6 SOLDIER SKITTLES,8,3.75,30.0,17086.0,United Kingdom
539436,17-12-2010,02:49:00 PM,20966,SANDWICH BATH SPONGE,2,2.51,5.02,,United Kingdom
552318,08-05-2011,04:13:00 PM,84692,BOX OF 24 COCKTAIL PARASOLS,4,0.42,1.68,17231.0,United Kingdom
543737,11-02-2011,12:45:00 PM,22366,DOORMAT AIRMAIL ,8,7.95,63.6,12477.0,Germany
C570867,12-10-2011,04:17:00 PM,23293,SET OF 12 FAIRY CAKE BAKING CASES,-8,0.83,-6.64,12607.0,USA
545430,02-03-2011,02:50:00 PM,82494L,WOODEN FRAME ANTIQUE WHITE ,12,2.95,35.4,15636.0,United Kingdom
550955,21-04-2011,04:26:00 PM,21914,BLUE HARMONICA IN BOX ,12,1.25,15.0,14189.0,United Kingdom
545901,07-03-2011,05:52:00 PM,22291,HANGING CHICK CREAM DECORATION,2,1.45,2.9,15834.0,United Kingdom
559491,08-07-2011,01:53:00 PM,22135,MINI LADLE LOVE HEART PINK,1,0.83,0.83,,United Kingdom
580065,01-12-2011,01:33:00 PM,23355,HOT WATER BOTTLE KEEP CALM,4,4.95,19.8,15434.0,United Kingdom
539300,16-12-2010,05:31:00 PM,22966,GINGERBREAD MAN COOKIE CUTTER,1,1.25,1.25,,United Kingdom
551271,27-04-2011,12:39:00 PM,84692,BOX OF 24 COCKTAIL PARASOLS,25,0.42,10.5,17187.0,United Kingdom
542944,02-02-2011,11:14:00 AM,84755,COLOUR GLASS T-LIGHT HOLDER HANGING,32,0.65,20.8,17560.0,United Kingdom
547651,24-03-2011,12:11:00 PM,22432,WATERING CAN PINK BUNNY,3,1.95,5.85,16904.0,United Kingdom
540566,10-01-2011,10:58:00 AM,22813,PACK 3 BOXES BIRD PANNETONE ,2,1.95,3.9,17811.0,United Kingdom
547070,20-03-2011,01:58:00 PM,22261,FELT EGG COSY WHITE RABBIT ,1,0.85,0.85,16115.0,United Kingdom
566082,09-09-2011,10:09:00 AM,23119,PACK OF 6 LARGE FRUIT STRAWS ,12,0.62,7.44,16293.0,United Kingdom
561873,31-07-2011,11:48:00 AM,22147,FELTCRAFT BUTTERFLY HEARTS,40,1.25,50.0,13316.0,United Kingdom
562517,05-08-2011,12:27:00 PM,21990,MODERN FLORAL STATIONERY SET,2,1.25,2.5,15719.0,United Kingdom
540839,11-01-2011,03:42:00 PM,72802A,ROSE SCENT CANDLE IN JEWELLED BOX,1,4.25,4.25,16791.0,United Kingdom
560048,14-07-2011,03:02:00 PM,21985,PACK OF 12 HEARTS DESIGN TISSUES ,24,0.29,6.96,13515.0,United Kingdom
C560880,21-07-2011,03:39:00 PM,22666,RECIPE BOX PANTRY YELLOW DESIGN,-3,2.95,-8.85,15152.0,United Kingdom
581133,07-12-2011,12:55:00 PM,21933,PINK VINTAGE PAISLEY PICNIC BAG,10,1.65,16.5,14904.0,United Kingdom
576837,16-11-2011,03:16:00 PM,84661B,BLACK SQUARE TABLE CLOCK,1,4.96,4.96,,United Kingdom
553734,19-05-2011,08:31:00 AM,23109,LED TEA LIGHTS,6,2.89,17.34,14735.0,United Kingdom
560090,14-07-2011,04:46:00 PM,22558,CLOTHES PEGS RETROSPOT PACK 24 ,1,3.29,3.29,,United Kingdom
579167,28-11-2011,02:06:00 PM,22914,BLUE COAT RACK PARIS FASHION,2,4.95,9.9,16800.0,United Kingdom
544928,24-02-2011,06:07:00 PM,47559B,TEA TIME OVEN GLOVE,3,2.46,7.38,,United Kingdom
581492,09-12-2011,10:03:00 AM,21808,"CHRISTMAS GARLAND STARS,TREES",3,3.29,9.87,,United Kingdom
560491,19-07-2011,10:51:00 AM,23236,DOILEY STORAGE TIN,1,2.89,2.89,12415.0,Australia
564901,31-08-2011,11:40:00 AM,22231,JIGSAW TREE WITH BIRDHOUSE,12,0.59,7.08,15690.0,United Kingdom
545183,28-02-2011,02:59:00 PM,21922,UNION STRIPE WITH FRINGE  HAMMOCK,2,7.95,15.9,15570.0,United Kingdom
571441,17-10-2011,01:31:00 PM,22559,SEASIDE FLYING DISC,2,2.46,4.92,14096.0,United Kingdom
543467,08-02-2011,02:35:00 PM,21790,VINTAGE SNAP CARDS,2,1.63,3.26,,United Kingdom
576910,17-11-2011,09:51:00 AM,15044A,PINK PAPER PARASOL ,6,2.95,17.7,12477.0,Germany
575851,11-11-2011,12:13:00 PM,23350,ROLL WRAP VINTAGE SPOT ,1,1.25,1.25,14662.0,United Kingdom
578681,25-11-2011,08:41:00 AM,22469,HEART OF WICKER SMALL,12,1.65,19.8,13579.0,United Kingdom
556529,13-06-2011,11:41:00 AM,21039,RED RETROSPOT SHOPPING BAG,6,2.55,15.3,12714.0,France
541670,20-01-2011,12:34:00 PM,22666,RECIPE BOX PANTRY YELLOW DESIGN,48,2.55,122.4,14911.0,EIRE
560368,18-07-2011,12:25:00 PM,21916,SET 12 RETRO WHITE CHALK STICKS,1,0.42,0.42,17841.0,United Kingdom
559254,07-07-2011,11:56:00 AM,23029,DRAWER KNOB CRACKLE GLAZE GREEN,12,1.65,19.8,16814.0,United Kingdom
539722,21-12-2010,01:45:00 PM,22654,DELUXE SEWING KIT ,3,5.95,17.85,14911.0,EIRE
539434,17-12-2010,02:41:00 PM,22545,MINI JIGSAW BUNNIES,1,0.85,0.85,,United Kingdom
569815,06-10-2011,11:53:00 AM,85099B,JUMBO BAG RED RETROSPOT,1000,1.79,1790.0,15838.0,United Kingdom
576099,14-11-2011,10:28:00 AM,21212,PACK OF 72 RETROSPOT CAKE CASES,24,0.55,13.2,13021.0,United Kingdom
568183,25-09-2011,01:47:00 PM,22579,WOODEN TREE CHRISTMAS SCANDINAVIAN,24,0.29,6.96,13991.0,United Kingdom
561873,31-07-2011,11:48:00 AM,22568,FELTCRAFT CUSHION OWL,24,3.39,81.36,13316.0,United Kingdom
572465,24-10-2011,01:26:00 PM,22768,FAMILY PHOTO FRAME CORNICE,2,9.95,19.9,14474.0,United Kingdom
579508,29-11-2011,04:33:00 PM,22030,SWALLOWS GREETING CARD,1,0.83,0.83,,United Kingdom
563557,17-08-2011,01:33:00 PM,22488,NATURAL SLATE RECTANGLE CHALKBOARD,12,1.65,19.8,15786.0,United Kingdom
564565,26-08-2011,10:50:00 AM,21975,PACK OF 60 DINOSAUR CAKE CASES,24,0.55,13.2,14911.0,EIRE
578074,22-11-2011,04:06:00 PM,23333,IVORY WICKER HEART MEDIUM,3,1.25,3.75,17590.0,United Kingdom
581412,08-12-2011,02:38:00 PM,23153,ZINC SWEETHEART WIRE LETTER RACK,2,3.75,7.5,14415.0,United Kingdom
573122,27-10-2011,04:23:00 PM,22187,GREEN CHRISTMAS TREE CARD HOLDER,2,1.95,3.9,14357.0,United Kingdom
557619,21-06-2011,01:58:00 PM,22624,IVORY KITCHEN SCALES,1,8.5,8.5,17757.0,United Kingdom
539196,16-12-2010,12:09:00 PM,72741,GRAND CHOCOLATECANDLE,9,1.45,13.05,18055.0,United Kingdom
556489,12-06-2011,01:59:00 PM,21390,FILIGRIS HEART WITH BUTTERFLY,3,1.25,3.75,14704.0,United Kingdom
536522,01-12-2010,12:49:00 PM,84997D,PINK 3 PIECE POLKADOT CUTLERY SET,1,3.75,3.75,15012.0,United Kingdom
556809,14-06-2011,04:48:00 PM,84997D,CHILDRENS CUTLERY POLKADOT PINK,10,4.15,41.5,17179.0,United Kingdom
545411,02-03-2011,12:21:00 PM,22759,SET OF 3 NOTEBOOKS IN PARCEL,12,1.65,19.8,16128.0,United Kingdom
580364,02-12-2011,04:34:00 PM,23569,TRADTIONAL ALPHABET STAMP SET,4,4.95,19.8,13309.0,United Kingdom
572484,24-10-2011,01:50:00 PM,22900,SET 2 TEA TOWELS I LOVE LONDON ,3,3.25,9.75,17220.0,United Kingdom
539436,17-12-2010,02:49:00 PM,84884A,ANT WHITE WIRE HEART SPIRAL,1,8.47,8.47,,United Kingdom
556432,10-06-2011,01:59:00 PM,22178,VICTORIAN GLASS HANGING T-LIGHT,24,1.25,30.0,16184.0,United Kingdom
558475,29-06-2011,03:58:00 PM,37340,MULTICOLOUR SPRING FLOWER MUG,48,0.69,33.12,,United Kingdom
577774,21-11-2011,03:57:00 PM,22499,WOODEN UNION JACK BUNTING,3,5.95,17.85,16712.0,United Kingdom
540352,06-01-2011,02:27:00 PM,21616,4 PEAR BOTANICAL DINNER CANDLES,1,2.51,2.51,,United Kingdom
538094,09-12-2010,02:50:00 PM,17084N,FAIRY DREAMS INCENSE ,25,0.21,5.25,13117.0,United Kingdom
556042,08-06-2011,12:44:00 PM,23133,LARGE IVORY HEART WALL ORGANISER,2,8.25,16.5,14367.0,United Kingdom
563808,19-08-2011,11:46:00 AM,21156,RETROSPOT CHILDRENS APRON,8,1.95,15.6,12626.0,Germany
568202,25-09-2011,03:01:00 PM,22748,POPPY'S PLAYHOUSE KITCHEN,6,2.1,12.6,15366.0,United Kingdom
540977,12-01-2011,03:01:00 PM,85032A,ROMANTIC IMAGES GIFT WRAP SET,1,4.21,4.21,,United Kingdom
566005,08-09-2011,11:56:00 AM,22412,METAL SIGN NEIGHBOURHOOD WITCH ,4,2.1,8.4,16426.0,United Kingdom
566451,12-09-2011,04:14:00 PM,23215,JINGLE BELL HEART ANTIQUE SILVER,4,2.08,8.32,18069.0,United Kingdom
572758,25-10-2011,06:39:00 PM,23439,HAND WARMER RED LOVE HEART,1,4.13,4.13,,United Kingdom
581096,07-12-2011,11:36:00 AM,23203,JUMBO BAG VINTAGE DOILY ,10,2.08,20.8,17412.0,United Kingdom
550137,14-04-2011,01:59:00 PM,21257,VICTORIAN SEWING BOX MEDIUM,2,7.95,15.9,12477.0,Germany
577121,17-11-2011,06:29:00 PM,21559,STRAWBERRY LUNCH BOX WITH CUTLERY,6,2.55,15.3,12681.0,France
569220,02-10-2011,01:26:00 PM,23301,GARDENERS KNEELING PAD KEEP CALM ,3,1.65,4.95,16007.0,United Kingdom
562014,01-08-2011,02:05:00 PM,21155,RED RETROSPOT PEG BAG,6,2.55,15.3,14341.0,United Kingdom
555573,05-06-2011,03:46:00 PM,22469,HEART OF WICKER SMALL,3,1.65,4.95,15349.0,United Kingdom
545503,03-03-2011,11:34:00 AM,20726,LUNCH BAG WOODLAND,2,1.65,3.3,15719.0,United Kingdom
558066,24-06-2011,03:45:00 PM,85173,SET/6 FROG PRINCE T-LIGHT CANDLES,1,4.96,4.96,,United Kingdom
553042,13-05-2011,09:01:00 AM,22570,FELTCRAFT CUSHION RABBIT,8,3.75,30.0,15845.0,United Kingdom
547485,23-03-2011,11:16:00 AM,21976,PACK OF 60 MUSHROOM CAKE CASES,3,0.55,1.65,17019.0,United Kingdom
544206,17-02-2011,10:33:00 AM,22893,MINI CAKE STAND T-LIGHT HOLDER,5,0.83,4.15,,United Kingdom
538154,09-12-2010,04:35:00 PM,21189,WHITE HONEYCOMB PAPER GARLAND ,3,3.36,10.08,,United Kingdom
538995,15-12-2010,12:05:00 PM,82551,LAUNDRY 15C METAL SIGN,12,1.45,17.4,13458.0,United Kingdom
580288,02-12-2011,01:29:00 PM,23494,VINTAGE DOILY DELUXE SEWING KIT ,3,5.95,17.85,17611.0,United Kingdom
554998,29-05-2011,03:35:00 PM,82482,WOODEN PICTURE FRAME WHITE FINISH,6,2.55,15.3,15925.0,United Kingdom
555923,07-06-2011,05:09:00 PM,22326,ROUND SNACK BOXES SET OF4 WOODLAND ,1,5.79,5.79,,United Kingdom
C579934,01-12-2011,09:44:00 AM,21422,PORCELAIN ROSE SMALL,-2,0.85,-1.7,14860.0,United Kingdom
550542,19-04-2011,11:37:00 AM,22156,HEART DECORATION WITH PEARLS ,4,1.63,6.52,,United Kingdom
565410,04-09-2011,11:17:00 AM,22835,HOT WATER BOTTLE I AM SO POORLY,4,4.65,18.6,14691.0,United Kingdom
572244,21-10-2011,03:54:00 PM,22138,BAKING SET 9 PIECE RETROSPOT ,12,4.95,59.4,14233.0,United Kingdom
538841,14-12-2010,01:11:00 PM,22197,SMALL POPCORN HOLDER,20,0.85,17.0,16899.0,United Kingdom
577768,21-11-2011,03:18:00 PM,23314,VINTAGE CHRISTMAS TABLECLOTH,1,24.96,24.96,,United Kingdom
553063,13-05-2011,11:38:00 AM,22646,CERAMIC STRAWBERRY CAKE MONEY BANK,12,1.45,17.4,13018.0,United Kingdom
571716,18-10-2011,05:05:00 PM,22946,WOODEN ADVENT CALENDAR CREAM,1,16.63,16.63,,United Kingdom
575591,10-11-2011,12:09:00 PM,23396,LE JARDIN BOTANIQUE CUSHION COVER,1,3.75,3.75,17791.0,United Kingdom
571265,16-10-2011,11:31:00 AM,22478,BIRDHOUSE GARDEN MARKER ,1,1.25,1.25,16674.0,United Kingdom
564373,25-08-2011,09:56:00 AM,22627,MINT KITCHEN SCALES,6,8.5,51.0,15290.0,United Kingdom
543544,09-02-2011,03:39:00 PM,22436,12 COLOURED PARTY BALLOONS,1,0.65,0.65,,United Kingdom
543985,15-02-2011,09:44:00 AM,85049G,CHOCOLATE BOX RIBBONS ,1,2.46,2.46,,United Kingdom
540418,07-01-2011,11:04:00 AM,82613D,METAL SIGN CUPCAKE SINGLE HOOK,7,0.85,5.95,,United Kingdom
577773,21-11-2011,03:57:00 PM,23245,SET OF 3 REGENCY CAKE TINS,4,4.95,19.8,16712.0,United Kingdom
556090,08-06-2011,03:25:00 PM,75049L,LARGE CIRCULAR MIRROR MOBILE,2,2.46,4.92,,United Kingdom
568894,29-09-2011,01:04:00 PM,22139,RETROSPOT TEA SET CERAMIC 11 PC ,6,4.95,29.7,17528.0,United Kingdom
572034,20-10-2011,12:00:00 PM,23382,BOX OF 6 CHRISTMAS CAKE DECORATIONS,4,3.75,15.0,14447.0,United Kingdom
537434,06-12-2010,04:57:00 PM,21595,Dad's Cab Electronic Meter,1,8.47,8.47,,United Kingdom
547337,22-03-2011,11:47:00 AM,85025C,barcode problem,-230,0.0,0.0,,United Kingdom
577078,17-11-2011,03:17:00 PM,23551,PACK OF 12 PAISLEY PARK TISSUES ,1,0.83,0.83,,United Kingdom
570177,07-10-2011,02:17:00 PM,22082,RIBBON REEL STRIPES DESIGN ,10,1.65,16.5,17509.0,United Kingdom
545021,25-02-2011,02:11:00 PM,85170C,SET/6 EAU DE NIL BIRD T-LIGHTS,6,2.1,12.6,17663.0,United Kingdom
579146,28-11-2011,01:14:00 PM,22111,SCOTTIE DOG HOT WATER BOTTLE,1,4.95,4.95,16347.0,United Kingdom
556116,09-06-2011,09:44:00 AM,21262,WHITE GOOSE FEATHER CHRISTMAS TREE ,6,2.95,17.7,15214.0,United Kingdom
537222,05-12-2010,04:00:00 PM,22375,AIRLINE BAG VINTAGE JET SET BROWN,1,4.25,4.25,14404.0,United Kingdom
578155,23-11-2011,11:32:00 AM,20726,LUNCH BAG WOODLAND,1,1.65,1.65,12748.0,United Kingdom
553165,13-05-2011,04:12:00 PM,90035C,"PEARL & SHELL 42""NECKL. IVORY",2,10.75,21.5,13623.0,United Kingdom
580691,05-12-2011,03:48:00 PM,90214C,"LETTER ""C"" BLING KEY RING",12,0.29,3.48,13790.0,United Kingdom
578074,22-11-2011,04:06:00 PM,23263,SET OF 3 WOODEN HEART DECORATIONS,2,1.25,2.5,17590.0,United Kingdom
562916,10-08-2011,01:41:00 PM,84803B,WHITE ALLIUM  ARTIFICIAL FLOWER,2,1.69,3.38,,United Kingdom
552724,11-05-2011,10:29:00 AM,22728,ALARM CLOCK BAKELIKE PINK,4,3.75,15.0,13418.0,United Kingdom
581403,08-12-2011,01:46:00 PM,21930,JUMBO STORAGE BAG SKULLS,10,2.08,20.8,13510.0,United Kingdom
575983,13-11-2011,01:45:00 PM,90094,NECKLACE+BRACELET SET FRUIT SALAD ,1,2.55,2.55,13379.0,United Kingdom
581400,08-12-2011,01:36:00 PM,22844,VINTAGE CREAM DOG FOOD CONTAINER,3,8.5,25.5,14056.0,United Kingdom
546554,15-03-2011,09:13:00 AM,35915B,BLUE KNITTED HEN ,6,1.65,9.9,16037.0,United Kingdom
579430,29-11-2011,01:06:00 PM,23503,PLAYING CARDS KEEP CALM & CARRY ON,2,1.25,2.5,12748.0,United Kingdom
541684,20-01-2011,03:22:00 PM,22151,PLACE SETTING WHITE HEART,25,0.42,10.5,15498.0,United Kingdom
573149,27-10-2011,07:56:00 PM,84625A,PINK NEW BAROQUECANDLESTICK CANDLE,2,0.85,1.7,16438.0,United Kingdom
581217,08-12-2011,09:20:00 AM,21934,SKULL SHOULDER BAG,14,1.63,22.82,,United Kingdom
563018,11-08-2011,12:53:00 PM,16169E,WRAP 50'S  CHRISTMAS,25,0.42,10.5,13427.0,United Kingdom
574873,07-11-2011,01:01:00 PM,22111,SCOTTIE DOG HOT WATER BOTTLE,5,4.95,24.75,16362.0,United Kingdom
538678,13-12-2010,04:46:00 PM,21928,JUMBO BAG SCANDINAVIAN PAISLEY,1,1.95,1.95,,United Kingdom
C559347,07-07-2011,05:22:00 PM,22771,CLEAR DRAWER KNOB ACRYLIC EDWARDIAN,-12,1.25,-15.0,18072.0,United Kingdom
581237,08-12-2011,10:40:00 AM,23507,MINI PLAYING CARDS BUFFALO BILL ,1,0.42,0.42,15443.0,United Kingdom
560080,14-07-2011,04:23:00 PM,82583,HOT BATHS METAL SIGN,96,2.39,229.44,17450.0,United Kingdom
573362,30-10-2011,01:06:00 PM,22726,ALARM CLOCK BAKELIKE GREEN,4,3.75,15.0,12597.0,Spain
571824,19-10-2011,11:49:00 AM,23493,VINTAGE DOILY TRAVEL SEWING KIT,10,1.95,19.5,12472.0,Germany
569488,04-10-2011,01:10:00 PM,23461,SWEETHEART BIRD HOUSE,3,4.15,12.45,16440.0,United Kingdom
550835,21-04-2011,10:52:00 AM,22630,DOLLY GIRL LUNCH BOX,1,1.95,1.95,15034.0,United Kingdom
538783,14-12-2010,11:38:00 AM,22565,FELTCRAFT HAIRBANDS PINK AND WHITE ,12,0.85,10.2,14961.0,United Kingdom
550499,18-04-2011,03:16:00 PM,85123A,WHITE HANGING HEART T-LIGHT HOLDER,1,5.79,5.79,,United Kingdom
561314,26-07-2011,12:36:00 PM,22291,HANGING CHICK CREAM DECORATION,12,1.45,17.4,16266.0,United Kingdom
577228,18-11-2011,12:07:00 PM,21733,RED HANGING HEART T-LIGHT HOLDER,6,2.95,17.7,12391.0,Cyprus
551603,03-05-2011,11:34:00 AM,82600,NO SINGING METAL SIGN,4,2.1,8.4,16745.0,United Kingdom
568539,27-09-2011,02:07:00 PM,22934,BAKING MOULD EASTER EGG WHITE CHOC,6,2.95,17.7,13016.0,United Kingdom
572758,25-10-2011,06:39:00 PM,23241,TREASURE TIN GYMKHANA DESIGN,1,4.13,4.13,,United Kingdom
551953,05-05-2011,11:53:00 AM,22671,FRENCH LAUNDRY SIGN BLUE METAL,12,1.65,19.8,13448.0,United Kingdom
542662,31-01-2011,12:10:00 PM,22960,JAM MAKING SET WITH JARS,6,4.25,25.5,18145.0,United Kingdom
542401,27-01-2011,03:51:00 PM,21329,DINOSAURS  WRITING SET ,1,1.65,1.65,14541.0,United Kingdom
562106,02-08-2011,03:19:00 PM,21786,POLKADOT RAIN HAT ,1,0.42,0.42,14076.0,United Kingdom
544659,22-02-2011,01:20:00 PM,84819,DANISH ROSE ROUND SEWING BOX,1,4.25,4.25,18114.0,United Kingdom
569898,06-10-2011,04:08:00 PM,85150,LADIES & GENTLEMEN METAL SIGN,1,4.96,4.96,,United Kingdom
570652,11-10-2011,01:45:00 PM,22733,3D TRADITIONAL CHRISTMAS STICKERS,36,1.25,45.0,17863.0,United Kingdom
581498,09-12-2011,10:26:00 AM,84375,SET OF 20 KIDS COOKIE CUTTERS,3,4.13,12.39,,United Kingdom
559807,12-07-2011,02:48:00 PM,21980,PACK OF 12 RED RETROSPOT TISSUES ,12,0.29,3.48,17841.0,United Kingdom
543054,03-02-2011,10:39:00 AM,21080,SET/20 RED RETROSPOT PAPER NAPKINS ,12,0.85,10.2,13394.0,United Kingdom
578344,24-11-2011,09:21:00 AM,84569D,PACK 6 HEART/ICE-CREAM PATCHES,2,2.46,4.92,,United Kingdom
543251,04-02-2011,02:51:00 PM,22698,PINK REGENCY TEACUP AND SAUCER,6,2.95,17.7,14194.0,United Kingdom
540396,06-01-2011,06:33:00 PM,15056N,EDWARDIAN PARASOL NATURAL,6,5.95,35.7,14031.0,United Kingdom
576189,14-11-2011,11:33:00 AM,20981,12 PENCILS TALL TUBE WOODLAND,1,0.85,0.85,14684.0,United Kingdom
579885,30-11-2011,05:37:00 PM,23093,SMALL PARISIENNE HEART PHOTO FRAME ,2,2.49,4.98,15444.0,United Kingdom
581175,07-12-2011,03:16:00 PM,23172,REGENCY TEA PLATE PINK,48,1.45,69.6,14646.0,Netherlands
581006,07-12-2011,08:45:00 AM,22112,CHOCOLATE HOT WATER BOTTLE,6,4.95,29.7,14911.0,EIRE
543803,13-02-2011,12:05:00 PM,85017B,ENVELOPE 50 BLOSSOM IMAGES,2,0.85,1.7,17126.0,United Kingdom
580367,02-12-2011,04:39:00 PM,23005,TRAVEL CARD WALLET I LOVE LONDON,5,0.83,4.15,,United Kingdom
566345,12-09-2011,12:27:00 PM,22705,WRAP GREEN PEARS ,25,0.42,10.5,17685.0,United Kingdom
548361,30-03-2011,03:38:00 PM,23126,FELTCRAFT GIRL AMELIE KIT,4,4.95,19.8,16092.0,United Kingdom
537362,06-12-2010,12:34:00 PM,21830,ASSORTED CREEPY CRAWLIES,24,0.42,10.08,17596.0,United Kingdom
564436,25-08-2011,12:06:00 PM,23004,TRAVEL CARD WALLET PANTRY,1,0.42,0.42,17841.0,United Kingdom
563830,19-08-2011,12:20:00 PM,21391,FRENCH LAVENDER SCENT HEART,24,0.75,18.0,16638.0,United Kingdom
555979,08-06-2011,11:18:00 AM,22383,LUNCH BAG SUKI DESIGN ,2,1.65,3.3,15039.0,United Kingdom
578374,24-11-2011,11:21:00 AM,21937,found,50,0.0,0.0,,United Kingdom
542409,27-01-2011,04:30:00 PM,22262,FELT EGG COSY CHICKEN,7,0.85,5.95,15311.0,United Kingdom
568156,25-09-2011,12:16:00 PM,84341B,SMALL PINK MAGIC CHRISTMAS TREE,36,0.38,13.68,14367.0,United Kingdom
556813,14-06-2011,05:28:00 PM,22120,WELCOME  WOODEN BLOCK LETTERS,1,19.96,19.96,,United Kingdom
546891,17-03-2011,06:18:00 PM,21458,2 PICTURE BOOK EGGS EASTER BUNNY,1,2.46,2.46,,United Kingdom
548011,29-03-2011,11:14:00 AM,22662,LUNCH BAG DOLLY GIRL DESIGN,200,1.45,290.0,14646.0,Netherlands
552643,10-05-2011,01:24:00 PM,20886,BOX OF 9 PEBBLE CANDLES,3,1.95,5.85,16791.0,United Kingdom
560723,20-07-2011,01:53:00 PM,22694,WICKER STAR ,2,2.1,4.2,16464.0,United Kingdom
540550,10-01-2011,09:11:00 AM,21559,STRAWBERRY LUNCH BOX WITH CUTLERY,6,2.55,15.3,12539.0,Spain
577768,21-11-2011,03:18:00 PM,22961,JAM MAKING SET PRINTED,4,3.29,13.16,,United Kingdom
538811,14-12-2010,12:22:00 PM,20723,STRAWBERRY CHARLOTTE BAG,10,0.85,8.5,13178.0,United Kingdom
566019,08-09-2011,12:44:00 PM,47559B,TEA TIME OVEN GLOVE,4,1.25,5.0,17243.0,United Kingdom
568955,29-09-2011,03:40:00 PM,21136,PAINTED METAL PEARS ASSORTED,8,1.69,13.52,13759.0,United Kingdom
538177,10-12-2010,09:51:00 AM,21210,SET OF 72 RETROSPOT PAPER  DOILIES,1,2.98,2.98,,United Kingdom
556792,14-06-2011,01:52:00 PM,21509,COWBOYS AND INDIANS BIRTHDAY CARD ,12,0.42,5.04,17043.0,United Kingdom
549251,07-04-2011,12:16:00 PM,84596L,BISCUITS SMALL BOWL LIGHT BLUE,2,0.42,0.84,14449.0,United Kingdom
566602,13-09-2011,04:05:00 PM,21394,RED POLKADOT BEAKER ,6,1.63,9.78,,United Kingdom
574950,08-11-2011,09:29:00 AM,22893,MINI CAKE STAND T-LIGHT HOLDER,8,0.83,6.64,,United Kingdom
537312,06-12-2010,11:42:00 AM,21870,I CAN ONLY PLEASE ONE PERSON MUG,72,1.06,76.32,14189.0,United Kingdom
554280,23-05-2011,01:35:00 PM,22380,TOY TIDY SPACEBOY  ,5,2.1,10.5,14817.0,United Kingdom
577217,18-11-2011,11:53:00 AM,23485,BOTANICAL GARDENS WALL CLOCK ,1,25.0,25.0,17324.0,United Kingdom
537775,08-12-2010,12:41:00 PM,22203,MILK PAN RED RETROSPOT,4,3.75,15.0,17722.0,United Kingdom
545302,01-03-2011,12:46:00 PM,84800S,SMALL WHITE/PINK ROSE ART FLOWER,2,1.25,2.5,14506.0,United Kingdom
553182,15-05-2011,12:21:00 PM,21169,YOU'RE CONFUSING ME METAL SIGN ,3,1.69,5.07,17107.0,United Kingdom
578153,23-11-2011,11:22:00 AM,23320,GIANT 50'S CHRISTMAS CRACKER,3,2.89,8.67,12748.0,United Kingdom
564093,23-08-2011,10:29:00 AM,23270,SET OF 2 CERAMIC PAINTED HEARTS ,12,1.45,17.4,14930.0,Channel Islands
541827,21-01-2011,05:05:00 PM,22798,ANTIQUE GLASS DRESSING TABLE POT,1,5.79,5.79,,United Kingdom
576787,16-11-2011,01:54:00 PM,23581,JUMBO BAG PAISLEY PARK,10,2.08,20.8,13815.0,Germany
578518,24-11-2011,01:54:00 PM,22312,OFFICE MUG WARMER POLKADOT,1,2.95,2.95,14606.0,United Kingdom
548894,04-04-2011,04:01:00 PM,22378,WALL TIDY RETROSPOT ,2,4.13,8.26,,United Kingdom
544467,20-02-2011,03:51:00 PM,22464,HANGING METAL HEART LANTERN,1,1.65,1.65,14502.0,United Kingdom
549989,13-04-2011,04:58:00 PM,84988,SET OF 72 PINK HEART PAPER DOILIES,1,1.45,1.45,13221.0,United Kingdom
541219,14-01-2011,02:06:00 PM,22471,TV DINNER TRAY AIR HOSTESS ,3,4.13,12.39,,United Kingdom
574076,02-11-2011,03:38:00 PM,22161,HEART DECORATION RUSTIC HANGING ,4,0.79,3.16,,United Kingdom
556115,09-06-2011,09:39:00 AM,21531,RED RETROSPOT SUGAR JAM BOWL,6,2.55,15.3,15241.0,United Kingdom
573158,28-10-2011,08:56:00 AM,22835,HOT WATER BOTTLE I AM SO POORLY,8,4.95,39.6,14738.0,United Kingdom
541615,20-01-2011,10:43:00 AM,22570,FELTCRAFT CUSHION RABBIT,3,3.75,11.25,16395.0,United Kingdom
549543,10-04-2011,11:14:00 AM,22519,CHILDS GARDEN BRUSH PINK,2,2.1,4.2,18118.0,United Kingdom
559652,11-07-2011,12:47:00 PM,21175,GIN + TONIC DIET METAL SIGN,12,2.55,30.6,17164.0,United Kingdom
555406,02-06-2011,07:50:00 PM,84879,ASSORTED COLOUR BIRD ORNAMENT,16,1.69,27.04,17231.0,United Kingdom
555650,06-06-2011,01:48:00 PM,22967,SET 3 SONG BIRD PAPER EGGS ASSORTED,6,2.95,17.7,14156.0,EIRE
579470,29-11-2011,03:06:00 PM,84029G,KNITTED UNION FLAG HOT WATER BOTTLE,3,4.25,12.75,16549.0,United Kingdom
C576919,17-11-2011,10:44:00 AM,23239,SET OF 4 KNICK KNACK TINS POPPIES,-6,4.15,-24.9,15529.0,United Kingdom
570167,07-10-2011,02:04:00 PM,22465,HANGING METAL STAR LANTERN,12,1.65,19.8,15615.0,United Kingdom
568988,29-09-2011,04:38:00 PM,22819,"BIRTHDAY CARD, RETRO SPOT",12,0.42,5.04,12718.0,France
575690,10-11-2011,04:20:00 PM,23661,MILK MAIDS MUG ,12,1.65,19.8,14189.0,United Kingdom
577228,18-11-2011,12:07:00 PM,22804,PINK HANGING HEART T-LIGHT HOLDER,6,2.95,17.7,12391.0,Cyprus
544098,16-02-2011,10:04:00 AM,22432,WATERING CAN PINK BUNNY,6,1.95,11.7,16019.0,United Kingdom
559538,10-07-2011,12:25:00 PM,22989,SET 2 PANTRY DESIGN TEA TOWELS,2,3.25,6.5,16880.0,United Kingdom
551986,05-05-2011,02:41:00 PM,47566,PARTY BUNTING,4,4.95,19.8,13888.0,United Kingdom
542397,27-01-2011,03:22:00 PM,22934,BAKING MOULD EASTER EGG WHITE CHOC,48,2.55,122.4,13328.0,United Kingdom
569521,04-10-2011,02:33:00 PM,21327,SKULLS WRITING SET ,2,1.65,3.3,16474.0,United Kingdom
575477,09-11-2011,04:14:00 PM,22943,CHRISTMAS LIGHTS 10 VINTAGE BAUBLES,1,10.79,10.79,,United Kingdom
548197,29-03-2011,03:53:00 PM,22281,EASTER TREE YELLOW BIRDS,2,5.95,11.9,13588.0,United Kingdom
547580,24-03-2011,10:48:00 AM,21756,BATH BUILDING BLOCK WORD,3,5.95,17.85,13488.0,United Kingdom
546984,18-03-2011,12:35:00 PM,20725,LUNCH BAG RED RETROSPOT,1,1.65,1.65,15019.0,United Kingdom
578072,22-11-2011,04:02:00 PM,23113,PANTRY CHOPPING BOARD,1,4.95,4.95,17759.0,United Kingdom
575740,11-11-2011,09:25:00 AM,22579,WOODEN TREE CHRISTMAS SCANDINAVIAN,24,0.29,6.96,18130.0,United Kingdom
558233,27-06-2011,02:36:00 PM,23049,RECYCLED ACAPULCO MAT RED,2,8.25,16.5,18073.0,United Kingdom
552229,06-05-2011,03:40:00 PM,DOT,DOTCOM POSTAGE,1,21.74,21.74,,United Kingdom
556916,15-06-2011,01:35:00 PM,22646,CERAMIC STRAWBERRY CAKE MONEY BANK,4,1.45,5.8,16898.0,United Kingdom
566195,09-09-2011,01:44:00 PM,16014,SMALL CHINESE STYLE SCISSOR,20,0.42,8.4,12433.0,Norway
575610,10-11-2011,12:45:00 PM,23206,LUNCH BAG APPLE DESIGN,10,1.65,16.5,16628.0,United Kingdom
567890,22-09-2011,03:40:00 PM,23381,PACK OF 12 VINTAGE LEAF TISSUES ,24,0.39,9.36,14125.0,United Kingdom
541576,19-01-2011,01:32:00 PM,85040A,S/4 PINK FLOWER CANDLES IN BOWL,2,1.65,3.3,17097.0,Spain
570887,13-10-2011,10:25:00 AM,22589,CARDHOLDER GINGHAM STAR,6,2.89,17.34,17169.0,United Kingdom
540154,05-01-2011,11:30:00 AM,90198A,VINTAGE ROSE BEAD BRACELET RASPBERR,1,4.24,4.24,,United Kingdom
578149,23-11-2011,11:11:00 AM,22619,SET OF 6 SOLDIER SKITTLES,2,7.46,14.92,,United Kingdom
575117,08-11-2011,02:22:00 PM,21616,4 PEAR BOTANICAL DINNER CANDLES,1,1.25,1.25,12748.0,United Kingdom
541809,21-01-2011,02:59:00 PM,20724,RED RETROSPOT CHARLOTTE BAG,34,2.46,83.64,,United Kingdom
568792,29-09-2011,09:53:00 AM,22697,GREEN REGENCY TEACUP AND SAUCER,6,2.95,17.7,18192.0,United Kingdom
542109,25-01-2011,01:44:00 PM,48187,DOORMAT NEW ENGLAND,2,12.46,24.92,,United Kingdom
543124,03-02-2011,02:15:00 PM,22171,3 HOOK PHOTO SHELF ANTIQUE WHITE,2,8.5,17.0,15311.0,United Kingdom
548259,30-03-2011,11:12:00 AM,21382,SET/4 SPRING FLOWER DECORATION,4,2.95,11.8,14099.0,United Kingdom
548450,31-03-2011,11:20:00 AM,22028,PENNY FARTHING BIRTHDAY CARD,12,0.42,5.04,15856.0,United Kingdom
552245,06-05-2011,07:42:00 PM,21793,CLASSIC FRENCH STYLE BASKET BROWN,1,3.95,3.95,12748.0,United Kingdom
558475,29-06-2011,03:58:00 PM,22203,MILK PAN RED RETROSPOT,7,3.29,23.03,,United Kingdom
565320,02-09-2011,01:10:00 PM,23204,CHARLOTTE BAG APPLES DESIGN,32,0.85,27.2,16745.0,United Kingdom
560580,19-07-2011,03:23:00 PM,23298,SPOTTY BUNTING,30,4.15,124.5,14088.0,United Kingdom
564483,25-08-2011,01:46:00 PM,22333,RETROSPOT PARTY BAG + STICKER SET,8,1.65,13.2,14050.0,United Kingdom
C556677,13-06-2011,05:19:00 PM,23169,CLASSIC GLASS COOKIE JAR,-2,4.15,-8.3,15643.0,United Kingdom
565470,05-09-2011,10:06:00 AM,22077,6 RIBBONS RUSTIC CHARM,12,1.65,19.8,12576.0,Poland
539749,21-12-2010,03:33:00 PM,22734,,30,0.0,0.0,,United Kingdom
569638,05-10-2011,12:15:00 PM,22469,HEART OF WICKER SMALL,12,1.65,19.8,16140.0,United Kingdom
553199,15-05-2011,03:13:00 PM,21577,SAVE THE PLANET COTTON TOTE BAG,2,2.25,4.5,17758.0,United Kingdom
574313,03-11-2011,05:45:00 PM,84029E,RED WOOLLY HOTTIE WHITE HEART.,4,4.25,17.0,13267.0,United Kingdom
550470,18-04-2011,01:49:00 PM,21123,SET/10 IVORY POLKADOT PARTY CANDLES,1,2.46,2.46,,United Kingdom
558570,30-06-2011,02:38:00 PM,23127,FELTCRAFT GIRL NICOLE KIT,2,4.95,9.9,17673.0,United Kingdom
579427,29-11-2011,01:04:00 PM,22467,GUMBALL COAT RACK,4,2.55,10.2,16479.0,United Kingdom
536819,02-12-2010,05:12:00 PM,22988,SOLDIERS EGG CUP ,12,1.25,15.0,13402.0,United Kingdom
537789,08-12-2010,12:49:00 PM,21523,DOORMAT FANCY FONT HOME SWEET HOME,20,6.75,135.0,14051.0,United Kingdom
C547675,24-03-2011,02:07:00 PM,22263,FELT EGG COSY LADYBIRD ,-49,0.66,-32.34,17754.0,United Kingdom
566923,15-09-2011,03:05:00 PM,22470,HEART OF WICKER LARGE,2,2.95,5.9,15511.0,United Kingdom
539463,19-12-2010,11:19:00 AM,22300,COFFEE MUG DOG + BALL DESIGN,12,2.55,30.6,18077.0,United Kingdom
542541,28-01-2011,02:25:00 PM,22310,IVORY KNITTED MUG COSY ,4,3.29,13.16,,United Kingdom
545182,28-02-2011,02:48:00 PM,17001,HEAVENS SCENT FRAGRANCE OILS ASSTD,72,0.29,20.88,14046.0,United Kingdom
571227,14-10-2011,01:54:00 PM,22317,FIVE CATS HANGING DECORATION,6,2.95,17.7,12477.0,Germany
568782,29-09-2011,08:53:00 AM,23355,HOT WATER BOTTLE KEEP CALM,4,4.95,19.8,13985.0,United Kingdom
551547,03-05-2011,09:44:00 AM,21212,PACK OF 72 RETROSPOT CAKE CASES,17,2.08,35.36,,United Kingdom
565901,07-09-2011,03:34:00 PM,85099B,JUMBO BAG RED RETROSPOT,100,1.79,179.0,13798.0,United Kingdom
581058,07-12-2011,11:06:00 AM,20839,FRENCH PAISLEY CUSHION COVER ,12,0.85,10.2,15969.0,United Kingdom
581034,07-12-2011,10:48:00 AM,23344,JUMBO BAG 50'S CHRISTMAS ,10,2.08,20.8,17049.0,United Kingdom
553053,13-05-2011,10:20:00 AM,21624,VINTAGE UNION JACK DOORSTOP,6,5.95,35.7,12857.0,United Kingdom
562922,10-08-2011,02:26:00 PM,20728,LUNCH BAG CARS BLUE,20,1.65,33.0,12594.0,Italy
580729,05-12-2011,05:24:00 PM,23469,CARD HOLDER LOVE BIRD SMALL,1,8.29,8.29,,United Kingdom
542412,27-01-2011,04:49:00 PM,85206A,CREAM FELT EASTER EGG BASKET,1,1.65,1.65,16725.0,United Kingdom
557938,23-06-2011,03:35:00 PM,20719,WOODLAND CHARLOTTE BAG,3,1.63,4.89,,United Kingdom
576614,15-11-2011,04:38:00 PM,22945,CHRISTMAS METAL TAGS ASSORTED ,6,0.85,5.1,12933.0,United Kingdom
567671,21-09-2011,03:34:00 PM,22386,JUMBO BAG PINK POLKADOT,1,4.13,4.13,,United Kingdom
571559,18-10-2011,09:32:00 AM,23202,JUMBO BAG VINTAGE LEAF,10,2.08,20.8,14911.0,EIRE
573151,27-10-2011,08:09:00 PM,23351,ROLL WRAP 50'S CHRISTMAS,12,1.25,15.0,17602.0,United Kingdom
576688,16-11-2011,12:16:00 PM,22112,CHOCOLATE HOT WATER BOTTLE,3,4.95,14.85,16717.0,United Kingdom
568719,28-09-2011,04:19:00 PM,22074,6 RIBBONS SHIMMERING PINKS ,1,1.25,1.25,,United Kingdom
569319,03-10-2011,12:17:00 PM,23439,HAND WARMER RED LOVE HEART,12,2.1,25.2,14290.0,United Kingdom
561650,28-07-2011,03:31:00 PM,22959,WRAP CHRISTMAS VILLAGE,25,0.42,10.5,15329.0,United Kingdom
548703,03-04-2011,11:37:00 AM,22383,LUNCH BAG SUKI DESIGN ,2,1.65,3.3,16010.0,United Kingdom
559836,13-07-2011,10:09:00 AM,85199L,LARGE HANGING IVORY & RED WOOD BIRD,12,0.65,7.8,13911.0,United Kingdom
575059,08-11-2011,12:25:00 PM,20713,JUMBO BAG OWLS,1,2.08,2.08,14071.0,United Kingdom
559055,05-07-2011,05:09:00 PM,20856,DENIM PATCH PURSE PINK BUTTERFLY,4,1.63,6.52,,United Kingdom
549813,12-04-2011,12:16:00 PM,21710,FOLDING UMBRELLA PINKWHITE POLKADOT,1,4.95,4.95,17972.0,United Kingdom
554083,22-05-2011,11:51:00 AM,21519,GIN & TONIC DIET GREETING CARD ,12,0.42,5.04,18125.0,United Kingdom
550470,18-04-2011,01:49:00 PM,22861,EASTER TIN CHICKS IN GARDEN,1,3.29,3.29,,United Kingdom
556813,14-06-2011,05:28:00 PM,23171,REGENCY TEA PLATE GREEN ,2,3.29,6.58,,United Kingdom
538313,10-12-2010,01:50:00 PM,22727,ALARM CLOCK BAKELIKE RED ,2,3.75,7.5,15514.0,United Kingdom
572567,25-10-2011,10:27:00 AM,21284,RETROSPOT CANDLE  SMALL,12,1.69,20.28,12398.0,Switzerland
545333,01-03-2011,04:22:00 PM,21756,BATH BUILDING BLOCK WORD,1,11.63,11.63,,United Kingdom
C580954,06-12-2011,02:19:00 PM,84997A,CHILDRENS CUTLERY POLKADOT GREEN ,-9,3.75,-33.75,12967.0,United Kingdom
554054,20-05-2011,03:29:00 PM,15058A,BLUE POLKADOT GARDEN PARASOL,6,10.79,64.74,,United Kingdom
546732,16-03-2011,11:41:00 AM,84692,BOX OF 24 COCKTAIL PARASOLS,2,0.42,0.84,14606.0,United Kingdom
540770,11-01-2011,10:40:00 AM,21524,DOORMAT SPOTTY HOME SWEET HOME,2,7.95,15.9,13468.0,United Kingdom
552277,08-05-2011,12:34:00 PM,21865,PINK UNION JACK  PASSPORT COVER ,6,2.1,12.6,13642.0,United Kingdom
575751,11-11-2011,10:32:00 AM,23344,JUMBO BAG 50'S CHRISTMAS ,10,2.08,20.8,14911.0,EIRE
547248,22-03-2011,09:23:00 AM,85194L,HANGING SPRING FLOWER EGG LARGE,2,1.63,3.26,,United Kingdom
571676,18-10-2011,01:29:00 PM,35648,VINTAGE BEAD PINK PURSE ,2,0.83,1.66,16910.0,United Kingdom
552655,10-05-2011,02:22:00 PM,85123A,WHITE HANGING HEART T-LIGHT HOLDER,2,2.95,5.9,14587.0,United Kingdom
562264,03-08-2011,04:14:00 PM,84380,SET OF 3 BUTTERFLY COOKIE CUTTERS,2,2.46,4.92,,United Kingdom
570416,10-10-2011,01:30:00 PM,22798,ANTIQUE GLASS DRESSING TABLE POT,8,2.95,23.6,15608.0,United Kingdom
567707,22-09-2011,09:52:00 AM,22037,ROBOT BIRTHDAY CARD,36,0.42,15.12,14676.0,United Kingdom
580512,04-12-2011,01:55:00 PM,85099B,JUMBO BAG RED RETROSPOT,10,2.08,20.8,12673.0,Germany
575698,10-11-2011,04:51:00 PM,21210,SET OF 72 RETROSPOT PAPER  DOILIES,12,1.45,17.4,16094.0,United Kingdom
C540393,06-01-2011,06:08:00 PM,85042,ANTIQUE LILY FAIRY LIGHTS,-1,4.95,-4.95,17428.0,United Kingdom
562717,08-08-2011,03:42:00 PM,22197,POPCORN HOLDER,8,1.63,13.04,,United Kingdom
570229,09-10-2011,01:30:00 PM,23503,PLAYING CARDS KEEP CALM & CARRY ON,1,1.25,1.25,15756.0,United Kingdom
577768,21-11-2011,03:18:00 PM,22543,MINI JIGSAW BAKE A CAKE ,1,0.83,0.83,,United Kingdom
556890,15-06-2011,12:48:00 PM,23209,LUNCH BAG DOILEY PATTERN ,10,1.65,16.5,17581.0,United Kingdom
542542,28-01-2011,02:37:00 PM,22728,ALARM CLOCK BAKELIKE PINK,4,3.75,15.0,12431.0,Australia
552813,11-05-2011,12:44:00 PM,23047,PAPER LANTERN 5 POINT STUDDED STAR,2,5.75,11.5,15079.0,United Kingdom
577690,21-11-2011,11:34:00 AM,84991,60 TEATIME FAIRY CAKE CASES,1,0.55,0.55,12856.0,United Kingdom
558904,04-07-2011,04:18:00 PM,84507B,STRIPES DESIGN MONKEY DOLL,1,4.96,4.96,,United Kingdom
575739,11-11-2011,09:05:00 AM,84031B,CHARLIE LOLA BLUE HOT WATER BOTTLE ,1,4.13,4.13,,United Kingdom
557742,22-06-2011,11:46:00 AM,21084,SET/6 COLLAGE PAPER CUPS,24,0.19,4.56,14911.0,EIRE
571850,19-10-2011,12:54:00 PM,23247,BISCUIT TIN 50'S CHRISTMAS,4,2.89,11.56,14698.0,United Kingdom
573876,01-11-2011,12:48:00 PM,21704,BAG 250g SWIRLY MARBLES,2,0.85,1.7,16360.0,United Kingdom
580730,05-12-2011,05:28:00 PM,22135,MINI LADLE LOVE HEART PINK,1,0.83,0.83,,United Kingdom
550348,18-04-2011,09:38:00 AM,22584,PACK OF 6 PANNETONE GIFT BOXES,6,2.55,15.3,16947.0,United Kingdom
538877,14-12-2010,03:29:00 PM,22077,6 RIBBONS RUSTIC CHARM,16,4.21,67.36,,United Kingdom
542006,25-01-2011,11:20:00 AM,72741,GRAND CHOCOLATECANDLE,9,1.45,13.05,15218.0,United Kingdom
565235,02-09-2011,09:43:00 AM,23297,SET 40 HEART SHAPE PETIT FOUR CASES,16,1.65,26.4,13418.0,United Kingdom
566912,15-09-2011,02:05:00 PM,20829,GLITTER HANGING BUTTERFLY STRING,8,2.1,16.8,14367.0,United Kingdom
573183,28-10-2011,11:33:00 AM,22998,TRAVEL CARD WALLET KEEP CALM,10,0.42,4.2,15028.0,United Kingdom
576841,16-11-2011,03:26:00 PM,23252,VINTAGE RED ENAMEL TRIM JUG ,1,3.75,3.75,17368.0,United Kingdom
557891,23-06-2011,02:05:00 PM,23129,HEART SHAPED HOLLY WREATH,4,4.15,16.6,17652.0,United Kingdom
565927,08-09-2011,10:08:00 AM,22464,HANGING METAL HEART LANTERN,12,1.65,19.8,,EIRE
558045,24-06-2011,01:35:00 PM,22993,SET OF 4 PANTRY JELLY MOULDS,12,1.25,15.0,12615.0,France
576910,17-11-2011,09:51:00 AM,22212,FOUR HOOK  WHITE LOVEBIRDS,12,2.1,25.2,12477.0,Germany
563920,21-08-2011,02:00:00 PM,21671,RED SPOT CERAMIC DRAWER KNOB,12,1.25,15.0,16407.0,United Kingdom
575176,08-11-2011,06:29:00 PM,22962,JAM JAR WITH PINK LID,1,1.63,1.63,,United Kingdom
564825,30-08-2011,12:26:00 PM,23188,VINTAGE  2 METER FOLDING RULER,3,3.29,9.87,,United Kingdom
565856,07-09-2011,02:09:00 PM,21922,UNION STRIPE WITH FRINGE  HAMMOCK,1,7.95,7.95,17345.0,United Kingdom
571508,17-10-2011,03:27:00 PM,22339,CHRISTMAS TREE PAINTED ZINC ,3,0.63,1.89,,United Kingdom
549251,07-04-2011,12:16:00 PM,85194L,HANGING SPRING FLOWER EGG LARGE,4,0.85,3.4,14449.0,United Kingdom
564300,24-08-2011,11:31:00 AM,23346,SPACEBOY BEAKER,4,1.25,5.0,16723.0,United Kingdom
565434,04-09-2011,01:35:00 PM,17021,NAMASTE SWAGAT INCENSE,36,0.3,10.8,12867.0,United Kingdom
574547,04-11-2011,03:08:00 PM,23219,LAUREL STAR ANTIQUE SILVER ,1,1.25,1.25,17841.0,United Kingdom
538356,10-12-2010,03:56:00 PM,21730,GLASS STAR FROSTED T-LIGHT HOLDER,18,4.25,76.5,14062.0,United Kingdom
548698,03-04-2011,10:55:00 AM,21977,PACK OF 60 PINK PAISLEY CAKE CASES,3,0.55,1.65,18109.0,United Kingdom
568614,28-09-2011,11:26:00 AM,22952,60 CAKE CASES VINTAGE CHRISTMAS,24,0.55,13.2,13515.0,United Kingdom
578118,23-11-2011,10:08:00 AM,22086,PAPER CHAIN KIT 50'S CHRISTMAS ,12,2.95,35.4,12955.0,United Kingdom
578941,27-11-2011,01:26:00 PM,23263,SET OF 3 WOODEN HEART DECORATIONS,1,1.25,1.25,16024.0,United Kingdom
565927,08-09-2011,10:08:00 AM,84843,WHITE SOAP RACK WITH 2 BOTTLES,4,5.95,23.8,,EIRE
541995,25-01-2011,09:58:00 AM,20675,BLUE POLKADOT BOWL,8,1.25,10.0,13158.0,United Kingdom
565234,02-09-2011,09:38:00 AM,84596B,SMALL DOLLY MIX DESIGN ORANGE BOWL,2,0.83,1.66,,United Kingdom
556425,10-06-2011,12:51:00 PM,23298,SPOTTY BUNTING,1,4.95,4.95,14178.0,United Kingdom
571270,16-10-2011,12:09:00 PM,21619,4 VANILLA BOTANICAL CANDLES,3,1.25,3.75,12940.0,United Kingdom
538524,13-12-2010,09:35:00 AM,22567,20 DOLLY PEGS RETROSPOT,2,2.51,5.02,,United Kingdom
575491,09-11-2011,05:47:00 PM,22438,BALLOON ART MAKE YOUR OWN FLOWERS,3,1.95,5.85,15531.0,United Kingdom
544776,23-02-2011,11:39:00 AM,21082,SET/20 FRUIT SALAD PAPER NAPKINS ,1,1.63,1.63,,United Kingdom
551997,05-05-2011,03:47:00 PM,21215,IVORY PAPER CUP CAKE CASES ,1,1.25,1.25,,United Kingdom
547249,22-03-2011,09:27:00 AM,20719,WOODLAND CHARLOTTE BAG,1,1.63,1.63,,United Kingdom
562928,10-08-2011,03:29:00 PM,22710,WRAP I LOVE LONDON ,25,0.42,10.5,15494.0,United Kingdom
555644,06-06-2011,01:24:00 PM,84974,S/2 ZINC HEART DESIGN PLANTERS,4,9.95,39.8,16520.0,United Kingdom
571705,18-10-2011,03:22:00 PM,23008,DOLLY GIRL BABY GIFT SET,2,16.95,33.9,12360.0,Austria
551718,03-05-2011,04:06:00 PM,84877A,PINK ROUND COMPACT MIRROR,1,3.29,3.29,,United Kingdom
581217,08-12-2011,09:20:00 AM,23552,BICYCLE PUNCTURE REPAIR KIT ,6,4.13,24.78,,United Kingdom
547555,23-03-2011,04:35:00 PM,22466,FAIRY TALE COTTAGE NIGHTLIGHT,12,1.95,23.4,14075.0,United Kingdom
575742,11-11-2011,09:46:00 AM,23292,SPACEBOY CHILDRENS CUP,8,1.25,10.0,14309.0,United Kingdom
551056,26-04-2011,11:51:00 AM,21523,DOORMAT FANCY FONT HOME SWEET HOME,1,7.95,7.95,16442.0,United Kingdom
560537,19-07-2011,12:19:00 PM,22469,HEART OF WICKER SMALL,6,1.65,9.9,17779.0,United Kingdom
543816,13-02-2011,03:26:00 PM,22953,BIRTHDAY PARTY CORDON BARRIER TAPE,3,1.25,3.75,17841.0,United Kingdom
538146,09-12-2010,04:10:00 PM,21239,PINK  POLKADOT CUP,8,0.85,6.8,15596.0,United Kingdom
540551,10-01-2011,09:43:00 AM,22166,WALL MIRROR RECTANGLE DIAMANTE PINK,1,7.62,7.62,,United Kingdom
578844,25-11-2011,04:14:00 PM,22616,PACK OF 12 LONDON TISSUES ,4,0.83,3.32,,United Kingdom
561887,31-07-2011,01:33:00 PM,21845,DAIRY MAID STRIPE MUG,72,0.79,56.88,14414.0,United Kingdom
C552995,12-05-2011,03:19:00 PM,M,Manual,-1350,0.16,-216.0,18133.0,United Kingdom
537685,08-12-2010,10:21:00 AM,22585,PACK OF 6 BIRDY GIFT TAGS,6,1.25,7.5,18077.0,United Kingdom
578264,23-11-2011,01:27:00 PM,22686,FRENCH BLUE METAL DOOR SIGN No,2,1.25,2.5,12748.0,United Kingdom
561209,25-07-2011,04:57:00 PM,84536B,FAIRY CAKES NOTEBOOK A7 SIZE,1,0.42,0.42,,United Kingdom
540984,12-01-2011,03:44:00 PM,72807A,SET/3 ROSE CANDLE IN JEWELLED BOX,2,4.25,8.5,14167.0,United Kingdom
564646,26-08-2011,01:39:00 PM,22327,ROUND SNACK BOXES SET OF 4 SKULLS,1,6.63,6.63,,United Kingdom
536566,01-12-2010,03:21:00 PM,22805,BLUE DRAWER KNOB ACRYLIC EDWARDIAN,9,1.25,11.25,16928.0,United Kingdom
553189,15-05-2011,01:14:00 PM,21908,CHOCOLATE THIS WAY METAL SIGN,1,2.1,2.1,15033.0,United Kingdom
571105,13-10-2011,04:01:00 PM,21744,SNOWFLAKE PORTABLE TABLE LIGHT ,2,2.95,5.9,17614.0,United Kingdom
571702,18-10-2011,03:06:00 PM,85150,LADIES & GENTLEMEN METAL SIGN,6,2.55,15.3,14639.0,United Kingdom
541138,14-01-2011,10:42:00 AM,84997C,BLUE 3 PIECE POLKADOT CUTLERY SET,6,3.75,22.5,12553.0,France
553199,15-05-2011,03:13:00 PM,85175,CACTI T-LIGHT CANDLES,16,0.42,6.72,17758.0,United Kingdom
559034,05-07-2011,02:56:00 PM,23256,CHILDRENS CUTLERY SPACEBOY ,4,4.15,16.6,13109.0,United Kingdom
553369,16-05-2011,02:30:00 PM,23092,LARGE ANTIQUE WHITE PHOTO FRAME,4,7.9,31.6,15044.0,United Kingdom
571932,19-10-2011,05:21:00 PM,21731,RED TOADSTOOL LED NIGHT LIGHT,1,1.65,1.65,,United Kingdom
576617,15-11-2011,04:57:00 PM,20676,RED RETROSPOT BOWL,2,2.46,4.92,,United Kingdom
558731,01-07-2011,02:53:00 PM,22079,RIBBON REEL HEARTS DESIGN ,10,1.65,16.5,13285.0,United Kingdom
538630,13-12-2010,01:25:00 PM,22077,6 RIBBONS RUSTIC CHARM,12,1.65,19.8,14565.0,United Kingdom
543255,04-02-2011,03:43:00 PM,21165,BEWARE OF THE CAT METAL SIGN ,12,1.69,20.28,13050.0,United Kingdom
575983,13-11-2011,01:45:00 PM,21035,SET/2 RED RETROSPOT TEA TOWELS ,1,3.25,3.25,13379.0,United Kingdom
556491,12-06-2011,02:15:00 PM,22384,LUNCH BAG PINK POLKADOT,4,1.65,6.6,16794.0,United Kingdom
566203,09-09-2011,02:47:00 PM,23035,DRAWER KNOB CERAMIC IVORY,1,1.45,1.45,16362.0,United Kingdom
548191,29-03-2011,03:20:00 PM,21561,DINOSAUR LUNCH BOX WITH CUTLERY,1,4.96,4.96,,United Kingdom
541523,19-01-2011,10:09:00 AM,21528,DAIRY MAID TRADITIONAL TEAPOT ,3,6.95,20.85,17708.0,United Kingdom
538071,09-12-2010,02:09:00 PM,22312,OFFICE MUG WARMER POLKADOT,1,5.91,5.91,,United Kingdom
559338,07-07-2011,04:30:00 PM,22494,EMERGENCY FIRST AID TIN ,2,2.46,4.92,,United Kingdom
580611,05-12-2011,11:49:00 AM,23103,JINGLE BELL HEART DECORATION,1,1.65,1.65,12748.0,United Kingdom
548710,03-04-2011,01:24:00 PM,22570,FELTCRAFT CUSHION RABBIT,4,3.75,15.0,16678.0,United Kingdom
563248,15-08-2011,11:30:00 AM,84978,HANGING HEART JAR T-LIGHT HOLDER,6,1.25,7.5,14702.0,United Kingdom
550655,19-04-2011,05:19:00 PM,84870C,GREEN GEISHA GIRL ,2,3.75,7.5,17217.0,United Kingdom
545333,01-03-2011,04:22:00 PM,21871,SAVE THE PLANET MUG,1,3.29,3.29,,United Kingdom
C550177,14-04-2011,05:17:00 PM,20726,LUNCH BAG WOODLAND,-2,1.65,-3.3,13534.0,United Kingdom
537400,06-12-2010,02:36:00 PM,85123A,WHITE HANGING HEART T-LIGHT HOLDER,6,2.95,17.7,17191.0,United Kingdom
561794,29-07-2011,01:11:00 PM,21929,JUMBO BAG PINK VINTAGE PAISLEY,10,2.08,20.8,12921.0,United Kingdom
C576324,14-11-2011,03:10:00 PM,22141,CHRISTMAS CRAFT TREE TOP ANGEL,-1,2.1,-2.1,16161.0,United Kingdom
561926,01-08-2011,12:48:00 PM,23227,FILIGREE HEART BUTTERFLY WHITE ,24,1.25,30.0,12749.0,United Kingdom
571668,18-10-2011,01:10:00 PM,23359,SET OF 12 T-LIGHTS VINTAGE DOILY,12,1.95,23.4,16515.0,United Kingdom
575724,10-11-2011,06:37:00 PM,22112,CHOCOLATE HOT WATER BOTTLE,48,4.25,204.0,14608.0,United Kingdom
549155,06-04-2011,05:08:00 PM,21213,PACK OF 72 SKULL CAKE CASES,2,1.25,2.5,,United Kingdom
570180,07-10-2011,02:28:00 PM,22749,FELTCRAFT PRINCESS CHARLOTTE DOLL,4,3.75,15.0,17509.0,United Kingdom
541104,13-01-2011,02:29:00 PM,21929,JUMBO BAG PINK VINTAGE PAISLEY,1,4.13,4.13,,United Kingdom
541516,18-01-2011,05:34:00 PM,21259,VICTORIAN SEWING BOX SMALL ,1,12.46,12.46,,United Kingdom
571669,18-10-2011,01:11:00 PM,22112,CHOCOLATE HOT WATER BOTTLE,2,4.95,9.9,17758.0,United Kingdom
540821,11-01-2011,01:16:00 PM,22090,PAPER BUNTING RETROSPOT,1,5.91,5.91,,United Kingdom
555722,06-06-2011,04:06:00 PM,20846,ZINC HEART LATTICE T-LIGHT HOLDER,1,2.46,2.46,,United Kingdom
540163,05-01-2011,11:52:00 AM,22132,RED LOVE HEART SHAPE CUP,24,0.85,20.4,13089.0,United Kingdom
569137,30-09-2011,02:45:00 PM,23229,VINTAGE DONKEY TAIL GAME ,1,7.46,7.46,,United Kingdom
549743,12-04-2011,10:05:00 AM,22721,SET OF 3 CAKE TINS SKETCHBOOK,3,4.95,14.85,16186.0,United Kingdom
547880,27-03-2011,04:05:00 PM,21975,PACK OF 60 DINOSAUR CAKE CASES,2,0.55,1.1,15426.0,United Kingdom
581356,08-12-2011,12:28:00 PM,22692,DOORMAT WELCOME TO OUR HOME,2,8.25,16.5,17830.0,United Kingdom
547860,27-03-2011,12:21:00 PM,22560,TRADITIONAL MODELLING CLAY,3,1.25,3.75,17625.0,United Kingdom
540255,05-01-2011,04:50:00 PM,85034B,3 WHITE CHOC MORRIS BOXED CANDLES,1,3.36,3.36,,United Kingdom
544462,20-02-2011,02:21:00 PM,22442,GROW YOUR OWN FLOWERS SET OF 3,2,7.95,15.9,17050.0,United Kingdom
570218,09-10-2011,12:20:00 PM,22767,TRIPLE PHOTO FRAME CORNICE ,2,9.95,19.9,16873.0,United Kingdom
550327,17-04-2011,01:07:00 PM,23254,CHILDRENS CUTLERY DOLLY GIRL ,4,4.15,16.6,12878.0,United Kingdom
541370,17-01-2011,02:51:00 PM,22111,SCOTTIE DOG HOT WATER BOTTLE,3,4.95,14.85,18179.0,United Kingdom
579512,29-11-2011,04:47:00 PM,22144,CHRISTMAS CRAFT LITTLE FRIENDS,3,4.13,12.39,,United Kingdom
556195,09-06-2011,12:21:00 PM,23199,JUMBO BAG APPLES,10,2.08,20.8,16745.0,United Kingdom
539735,21-12-2010,03:17:00 PM,21918,SET 12 KIDS COLOUR  CHALK STICKS,1,0.81,0.81,,United Kingdom
559660,11-07-2011,01:19:00 PM,23168,CLASSIC CAFE SUGAR DISPENSER,64,1.04,66.56,16701.0,United Kingdom
540098,04-01-2011,03:50:00 PM,21977,PACK OF 60 PINK PAISLEY CAKE CASES,1,0.55,0.55,16241.0,United Kingdom
572964,27-10-2011,10:41:00 AM,22175,PINK OWL SOFT TOY,6,2.95,17.7,12630.0,Finland
541434,18-01-2011,10:22:00 AM,C2,CARRIAGE,1,50.0,50.0,14911.0,EIRE
568101,23-09-2011,03:21:00 PM,22950,36 DOILIES VINTAGE CHRISTMAS,24,1.45,34.8,15978.0,United Kingdom
567671,21-09-2011,03:34:00 PM,21801,CHRISTMAS TREE DECORATION WITH BELL,4,0.42,1.68,,United Kingdom
